#
# There is insufficient memory for the Java Runtime Environment to continue.
# Native memory allocation (malloc) failed to allocate 714576 bytes. Error detail: Chunk::new
# Possible reasons:
#   The system is out of physical RAM or swap space
#   This process is running with CompressedOops enabled, and the Java Heap may be blocking the growth of the native heap
# Possible solutions:
#   Reduce memory load on the system
#   Increase physical memory or swap space
#   Check if swap backing store is full
#   Decrease Java heap size (-Xmx/-Xms)
#   Decrease number of Java threads
#   Decrease Java thread stack sizes (-Xss)
#   Set larger code cache with -XX:ReservedCodeCacheSize=
#   JVM is running with Zero Based Compressed Oops mode in which the Java heap is
#     placed in the first 32GB address space. The Java Heap base address is the
#     maximum limit for the native heap growth. Please use -XX:HeapBaseMinAddress
#     to set the Java Heap base and to place the Java Heap above 32GB virtual address.
# This output file may be truncated or incomplete.
#
#  Out of Memory Error (arena.cpp:191), pid=31700, tid=24936
#
# JRE version: OpenJDK Runtime Environment Microsoft-13106358 (17.0.18+8) (build 17.0.18+8-LTS)
# Java VM: OpenJDK 64-Bit Server VM Microsoft-13106358 (17.0.18+8-LTS, mixed mode, sharing, tiered, compressed oops, compressed class ptrs, g1 gc, windows-amd64)
# No core dump will be written. Minidumps are not enabled by default on client versions of Windows
#

---------------  S U M M A R Y ------------

Command Line: -XX:+HeapDumpOnOutOfMemoryError --add-opens=java.base/java.util=ALL-UNNAMED --add-opens=java.base/java.lang=ALL-UNNAMED --add-opens=java.base/java.lang.invoke=ALL-UNNAMED --add-opens=java.prefs/java.util.prefs=ALL-UNNAMED --add-exports=jdk.compiler/com.sun.tools.javac.api=ALL-UNNAMED --add-exports=jdk.compiler/com.sun.tools.javac.util=ALL-UNNAMED --add-opens=java.base/java.nio.charset=ALL-UNNAMED --add-opens=java.base/java.net=ALL-UNNAMED --add-opens=java.base/java.util.concurrent.atomic=ALL-UNNAMED -Xmx2560m -Dfile.encoding=UTF-8 -Duser.country=US -Duser.language=en -Duser.variant -javaagent:E:\DevCaches\gradle\wrapper\dists\gradle-8.10.2-bin\a04bxjujx95o3nb99gddekhwo\gradle-8.10.2\lib\agents\gradle-instrumentation-agent-8.10.2.jar org.gradle.launcher.daemon.bootstrap.GradleDaemon 8.10.2

Host: AMD Ryzen 7 4800H with Radeon Graphics         , 16 cores, 31G,  Windows 11 , 64 bit Build 26100 (10.0.26100.6725)
Time: Mon Jul 20 18:33:04 2026 E. South America Standard Time elapsed time: 41.724416 seconds (0d 0h 0m 41s)

---------------  T H R E A D  ---------------

Current thread (0x000001a4701bd5b0):  JavaThread "C2 CompilerThread1" daemon [_thread_in_native, id=24936, stack(0x0000009c48200000,0x0000009c48300000)]


Current CompileTask:
C2:41724 16381       4       org.gradle.api.internal.DefaultDomainObjectCollection::configureEach (123 bytes)

Stack: [0x0000009c48200000,0x0000009c48300000]
Native frames: (J=compiled Java code, j=interpreted, Vv=VM code, C=native code)
V  [jvm.dll+0x68c879]  (no source info available)
V  [jvm.dll+0x845979]  (no source info available)
V  [jvm.dll+0x8476e8]  (no source info available)
V  [jvm.dll+0x847d73]  (no source info available)
V  [jvm.dll+0x24cf6f]  (no source info available)
V  [jvm.dll+0xaecb6]  (no source info available)
V  [jvm.dll+0xaf35c]  (no source info available)
V  [jvm.dll+0x3716ff]  (no source info available)
V  [jvm.dll+0x33b985]  (no source info available)
V  [jvm.dll+0x33adea]  (no source info available)
V  [jvm.dll+0x21df29]  (no source info available)
V  [jvm.dll+0x21d36d]  (no source info available)
V  [jvm.dll+0x1a8ce6]  (no source info available)
V  [jvm.dll+0x22db1b]  (no source info available)
V  [jvm.dll+0x22bca6]  (no source info available)
V  [jvm.dll+0x7fbabb]  (no source info available)
V  [jvm.dll+0x7f5ebc]  (no source info available)
V  [jvm.dll+0x68de17]  (no source info available)
C  [ucrtbase.dll+0x37b0]  (no source info available)
C  [KERNEL32.DLL+0x2e8d7]  (no source info available)
C  [ntdll.dll+0x8c53c]  (no source info available)


---------------  P R O C E S S  ---------------

Threads class SMR info:
_java_thread_list=0x000001a46ce1edf0, length=178, elements={
0x000001a4064e9e40, 0x000001a4239629a0, 0x000001a423963470, 0x000001a423973ae0,
0x000001a4239764c0, 0x000001a423976d90, 0x000001a423979670, 0x000001a4268755d0,
0x000001a42687f510, 0x000001a426880030, 0x000001a42698d1e0, 0x000001a426b3b3e0,
0x000001a46e0d2370, 0x000001a46e3415e0, 0x000001a46e33fd40, 0x000001a46e3a47b0,
0x000001a46e3b1700, 0x000001a46e3cb8d0, 0x000001a46e3ccd10, 0x000001a46e3cd220,
0x000001a46e3cc2f0, 0x000001a46e3cbde0, 0x000001a46e3cc800, 0x000001a46e791f90,
0x000001a46e790b50, 0x000001a46e791060, 0x000001a46e7929b0, 0x000001a46e7933d0,
0x000001a46e792ec0, 0x000001a46e78fc20, 0x000001a46e7938e0, 0x000001a46e790640,
0x000001a46e793df0, 0x000001a46e7924a0, 0x000001a46e794300, 0x000001a46e795230,
0x000001a46e795740, 0x000001a46e795c50, 0x000001a46e796160, 0x000001a46e796670,
0x000001a46e796b80, 0x000001a46e797090, 0x000001a46e7975a0, 0x000001a46d7a1660,
0x000001a46d7a0220, 0x000001a46d7a1b70, 0x000001a46d79f2f0, 0x000001a46d7a0730,
0x000001a46d7a1150, 0x000001a46d79ede0, 0x000001a46d7a2fb0, 0x000001a46d7a2aa0,
0x000001a46d79f800, 0x000001a46d7a2080, 0x000001a46d7a34c0, 0x000001a46d7a2590,
0x000001a46d79fd10, 0x000001a46d7a5830, 0x000001a46d7a4e10, 0x000001a46d7a6250,
0x000001a46d7a39d0, 0x000001a46d7a5d40, 0x000001a46d7a43f0, 0x000001a46d7a4900,
0x000001a46d7a6760, 0x000001a46d7a3ee0, 0x000001a46d7a5320, 0x000001a47176c080,
0x000001a47176caa0, 0x000001a47176c590, 0x000001a47176bb70, 0x000001a47176d4c0,
0x000001a47176cfb0, 0x000001a47176f320, 0x000001a47176fd40, 0x000001a47176f830,
0x000001a47176ee10, 0x000001a471771180, 0x000001a471770c70, 0x000001a47176d9d0,
0x000001a47176dee0, 0x000001a471772ad0, 0x000001a471770250, 0x000001a4717734f0,
0x000001a4717720b0, 0x000001a4717725c0, 0x000001a471770760, 0x000001a46d17d740,
0x000001a46d17b8e0, 0x000001a46d17a4a0, 0x000001a46d17b3d0, 0x000001a46d17cd20,
0x000001a46d179f90, 0x000001a46d17aec0, 0x000001a46d17a9b0, 0x000001a46d17d230,
0x000001a46d17bdf0, 0x000001a46d17c300, 0x000001a46d17c810, 0x000001a46f318cd0,
0x000001a46f317da0, 0x000001a46f317380, 0x000001a46f3182b0, 0x000001a46f3187c0,
0x000001a46f315a30, 0x000001a46f3191e0, 0x000001a46f316450, 0x000001a46f316e70,
0x000001a46f316960, 0x000001a46f317890, 0x000001a46c6dd770, 0x000001a46c6dfae0,
0x000001a46c6de6a0, 0x000001a46c6dfff0, 0x000001a46c6ddc80, 0x000001a46c6df5d0,
0x000001a46c6de190, 0x000001a46c6debb0, 0x000001a46c6e0500, 0x000001a46c6df0c0,
0x000001a46c6e0a10, 0x000001a46c6dd260, 0x000001a46c6e1940, 0x000001a46c6e2360,
0x000001a46c6e1e50, 0x000001a46c6e37a0, 0x000001a46c6e1430, 0x000001a46c6e2870,
0x000001a46c6e3290, 0x000001a46c6e3cb0, 0x000001a46c6e41c0, 0x000001a46c6e0f20,
0x000001a46c6e46d0, 0x000001a46c6e4be0, 0x000001a46ecd3480, 0x000001a46ecd3990,
0x000001a46ecd2a60, 0x000001a46ecd5d00, 0x000001a46ecd2f70, 0x000001a46ecd2550,
0x000001a46ecd43b0, 0x000001a46ecd4dd0, 0x000001a46ecd7650, 0x000001a46ecd6210,
0x000001a46ecd6720, 0x000001a46ecd3ea0, 0x000001a46ecd52e0, 0x000001a46ecd57f0,
0x000001a46ecd7b60, 0x000001a46ecd48c0, 0x000001a46ecd94b0, 0x000001a46ecd6c30,
0x000001a46ecd7140, 0x000001a46ecd99c0, 0x000001a46ecd8580, 0x000001a46ecd8a90,
0x000001a46ecd8070, 0x000001a46ecd8fa0, 0x000001a46ecd9ed0, 0x000001a46d2952d0,
0x000001a46d293470, 0x000001a46d2957e0, 0x000001a46d295cf0, 0x000001a46d292540,
0x000001a46d296200, 0x000001a46d2948b0, 0x000001a46d292a50, 0x000001a46d293e90,
0x000001a46d292f60, 0x000001a46d297130, 0x000001a46d296c20, 0x000001a46d296710,
0x000001a46d293980, 0x000001a46d297b50, 0x000001a4735b5620, 0x000001a4735b2ba0,
0x000001a4701bd5b0, 0x000001a4701be050
}

Java Threads: ( => current thread )
  0x000001a4064e9e40 JavaThread "main" [_thread_blocked, id=5436, stack(0x0000009c47000000,0x0000009c47100000)]
  0x000001a4239629a0 JavaThread "Reference Handler" daemon [_thread_blocked, id=5904, stack(0x0000009c47700000,0x0000009c47800000)]
  0x000001a423963470 JavaThread "Finalizer" daemon [_thread_blocked, id=35176, stack(0x0000009c47800000,0x0000009c47900000)]
  0x000001a423973ae0 JavaThread "Signal Dispatcher" daemon [_thread_blocked, id=30704, stack(0x0000009c47900000,0x0000009c47a00000)]
  0x000001a4239764c0 JavaThread "Attach Listener" daemon [_thread_blocked, id=41708, stack(0x0000009c47a00000,0x0000009c47b00000)]
  0x000001a423976d90 JavaThread "Service Thread" daemon [_thread_blocked, id=35144, stack(0x0000009c47b00000,0x0000009c47c00000)]
  0x000001a423979670 JavaThread "Monitor Deflation Thread" daemon [_thread_blocked, id=23156, stack(0x0000009c47c00000,0x0000009c47d00000)]
  0x000001a4268755d0 JavaThread "C2 CompilerThread0" daemon [_thread_in_native, id=3816, stack(0x0000009c47d00000,0x0000009c47e00000)]
  0x000001a42687f510 JavaThread "C1 CompilerThread0" daemon [_thread_blocked, id=23128, stack(0x0000009c47e00000,0x0000009c47f00000)]
  0x000001a426880030 JavaThread "Sweeper thread" daemon [_thread_blocked, id=40984, stack(0x0000009c47f00000,0x0000009c48000000)]
  0x000001a42698d1e0 JavaThread "Common-Cleaner" daemon [_thread_blocked, id=32116, stack(0x0000009c48000000,0x0000009c48100000)]
  0x000001a426b3b3e0 JavaThread "Notification Thread" daemon [_thread_blocked, id=15796, stack(0x0000009c48400000,0x0000009c48500000)]
  0x000001a46e0d2370 JavaThread "Daemon health stats" [_thread_blocked, id=22096, stack(0x0000009c48600000,0x0000009c48700000)]
  0x000001a46e3415e0 JavaThread "Incoming local TCP Connector on port 54603" [_thread_in_native, id=41808, stack(0x0000009c48300000,0x0000009c48400000)]
  0x000001a46e33fd40 JavaThread "Daemon periodic checks" [_thread_blocked, id=26644, stack(0x0000009c48800000,0x0000009c48900000)]
  0x000001a46e3a47b0 JavaThread "Daemon" [_thread_blocked, id=22400, stack(0x0000009c49400000,0x0000009c49500000)]
  0x000001a46e3b1700 JavaThread "Handler for socket connection from /127.0.0.1:54603 to /127.0.0.1:54605" [_thread_in_native, id=32468, stack(0x0000009c49500000,0x0000009c49600000)]
  0x000001a46e3cb8d0 JavaThread "Cancel handler" [_thread_blocked, id=22740, stack(0x0000009c49600000,0x0000009c49700000)]
  0x000001a46e3ccd10 JavaThread "Daemon worker" [_thread_in_vm, id=37768, stack(0x0000009c49700000,0x0000009c49800000)]
  0x000001a46e3cd220 JavaThread "Asynchronous log dispatcher for DefaultDaemonConnection: socket connection from /127.0.0.1:54603 to /127.0.0.1:54605" [_thread_blocked, id=12916, stack(0x0000009c49800000,0x0000009c49900000)]
  0x000001a46e3cc2f0 JavaThread "Stdin handler" [_thread_blocked, id=40944, stack(0x0000009c49900000,0x0000009c49a00000)]
  0x000001a46e3cbde0 JavaThread "Daemon client event forwarder" [_thread_blocked, id=36664, stack(0x0000009c49a00000,0x0000009c49b00000)]
  0x000001a46e3cc800 JavaThread "Cache worker for journal cache (E:\DevCaches\gradle\caches\journal-1)" [_thread_blocked, id=40276, stack(0x0000009c49b00000,0x0000009c49c00000)]
  0x000001a46e791f90 JavaThread "File lock request listener" [_thread_in_native, id=16296, stack(0x0000009c49c00000,0x0000009c49d00000)]
  0x000001a46e790b50 JavaThread "File lock release action executor" [_thread_blocked, id=39172, stack(0x0000009c49d00000,0x0000009c49e00000)]
  0x000001a46e791060 JavaThread "Cache worker for file hash cache (E:\DevCaches\gradle\caches\8.10.2\fileHashes)" [_thread_blocked, id=33044, stack(0x0000009c49e00000,0x0000009c49f00000)]
  0x000001a46e7929b0 JavaThread "Cache worker for file hash cache (E:\projects\lemuroid\Lemuroid\.gradle\8.10.2\fileHashes)" [_thread_blocked, id=38664, stack(0x0000009c4a100000,0x0000009c4a200000)]
  0x000001a46e7933d0 JavaThread "Cache worker for Build Output Cleanup Cache (E:\projects\lemuroid\Lemuroid\.gradle\buildOutputCleanup)" [_thread_blocked, id=38048, stack(0x0000009c4a200000,0x0000009c4a300000)]
  0x000001a46e792ec0 JavaThread "Cache worker for Build Output Cleanup Cache (E:\projects\lemuroid\Lemuroid\buildSrc\.gradle\buildOutputCleanup)" [_thread_blocked, id=35388, stack(0x0000009c4a600000,0x0000009c4a700000)]
  0x000001a46e78fc20 JavaThread "File watcher server" daemon [_thread_in_native, id=3992, stack(0x0000009c4a700000,0x0000009c4a800000)]
  0x000001a46e7938e0 JavaThread "File watcher consumer" daemon [_thread_blocked, id=33920, stack(0x0000009c4a800000,0x0000009c4a900000)]
  0x000001a46e790640 JavaThread "Cache worker for checksums cache (E:\projects\lemuroid\Lemuroid\.gradle\8.10.2\checksums)" [_thread_blocked, id=41092, stack(0x0000009c4a900000,0x0000009c4aa00000)]
  0x000001a46e793df0 JavaThread "Cache worker for file content cache (E:\DevCaches\gradle\caches\8.10.2\fileContent)" [_thread_blocked, id=39100, stack(0x0000009c4aa00000,0x0000009c4ab00000)]
  0x000001a46e7924a0 JavaThread "Cache worker for cache directory md-rule (E:\DevCaches\gradle\caches\8.10.2\md-rule)" [_thread_blocked, id=32888, stack(0x0000009c4ab00000,0x0000009c4ac00000)]
  0x000001a46e794300 JavaThread "Cache worker for cache directory md-supplier (E:\DevCaches\gradle\caches\8.10.2\md-supplier)" [_thread_blocked, id=36152, stack(0x0000009c4a000000,0x0000009c4a100000)]
  0x000001a46e795230 JavaThread "Memory manager" [_thread_blocked, id=30400, stack(0x0000009c49f00000,0x0000009c4a000000)]
  0x000001a46e795740 JavaThread "Unconstrained build operations" [_thread_blocked, id=38012, stack(0x0000009c4ad00000,0x0000009c4ae00000)]
  0x000001a46e795c50 JavaThread "Unconstrained build operations Thread 2" [_thread_blocked, id=20852, stack(0x0000009c4ae00000,0x0000009c4af00000)]
  0x000001a46e796160 JavaThread "Unconstrained build operations Thread 3" [_thread_blocked, id=5324, stack(0x0000009c4af00000,0x0000009c4b000000)]
  0x000001a46e796670 JavaThread "Unconstrained build operations Thread 4" [_thread_blocked, id=29576, stack(0x0000009c4b000000,0x0000009c4b100000)]
  0x000001a46e796b80 JavaThread "Unconstrained build operations Thread 5" [_thread_blocked, id=39548, stack(0x0000009c4b100000,0x0000009c4b200000)]
  0x000001a46e797090 JavaThread "Unconstrained build operations Thread 6" [_thread_blocked, id=18516, stack(0x0000009c4b200000,0x0000009c4b300000)]
  0x000001a46e7975a0 JavaThread "Unconstrained build operations Thread 7" [_thread_blocked, id=40100, stack(0x0000009c4b300000,0x0000009c4b400000)]
  0x000001a46d7a1660 JavaThread "Unconstrained build operations Thread 8" [_thread_blocked, id=6424, stack(0x0000009c4b400000,0x0000009c4b500000)]
  0x000001a46d7a0220 JavaThread "Unconstrained build operations Thread 9" [_thread_blocked, id=16832, stack(0x0000009c4b500000,0x0000009c4b600000)]
  0x000001a46d7a1b70 JavaThread "Unconstrained build operations Thread 10" [_thread_blocked, id=3532, stack(0x0000009c4b600000,0x0000009c4b700000)]
  0x000001a46d79f2f0 JavaThread "Unconstrained build operations Thread 11" [_thread_blocked, id=32852, stack(0x0000009c4b700000,0x0000009c4b800000)]
  0x000001a46d7a0730 JavaThread "Unconstrained build operations Thread 12" [_thread_blocked, id=41492, stack(0x0000009c4b800000,0x0000009c4b900000)]
  0x000001a46d7a1150 JavaThread "Unconstrained build operations Thread 13" [_thread_blocked, id=31792, stack(0x0000009c4b900000,0x0000009c4ba00000)]
  0x000001a46d79ede0 JavaThread "Unconstrained build operations Thread 14" [_thread_blocked, id=41740, stack(0x0000009c4ba00000,0x0000009c4bb00000)]
  0x000001a46d7a2fb0 JavaThread "Unconstrained build operations Thread 15" [_thread_blocked, id=20860, stack(0x0000009c4bb00000,0x0000009c4bc00000)]
  0x000001a46d7a2aa0 JavaThread "Unconstrained build operations Thread 16" [_thread_blocked, id=34840, stack(0x0000009c4bc00000,0x0000009c4bd00000)]
  0x000001a46d79f800 JavaThread "Unconstrained build operations Thread 17" [_thread_blocked, id=296, stack(0x0000009c4bd00000,0x0000009c4be00000)]
  0x000001a46d7a2080 JavaThread "Unconstrained build operations Thread 18" [_thread_blocked, id=27792, stack(0x0000009c4be00000,0x0000009c4bf00000)]
  0x000001a46d7a34c0 JavaThread "Unconstrained build operations Thread 19" [_thread_blocked, id=33740, stack(0x0000009c4bf00000,0x0000009c4c000000)]
  0x000001a46d7a2590 JavaThread "Unconstrained build operations Thread 20" [_thread_blocked, id=20832, stack(0x0000009c4c000000,0x0000009c4c100000)]
  0x000001a46d79fd10 JavaThread "Unconstrained build operations Thread 21" [_thread_blocked, id=33780, stack(0x0000009c4c100000,0x0000009c4c200000)]
  0x000001a46d7a5830 JavaThread "Unconstrained build operations Thread 22" [_thread_blocked, id=33140, stack(0x0000009c4c200000,0x0000009c4c300000)]
  0x000001a46d7a4e10 JavaThread "Unconstrained build operations Thread 23" [_thread_blocked, id=33092, stack(0x0000009c4c300000,0x0000009c4c400000)]
  0x000001a46d7a6250 JavaThread "Unconstrained build operations Thread 24" [_thread_blocked, id=1056, stack(0x0000009c4c400000,0x0000009c4c500000)]
  0x000001a46d7a39d0 JavaThread "Unconstrained build operations Thread 25" [_thread_blocked, id=5828, stack(0x0000009c4c500000,0x0000009c4c600000)]
  0x000001a46d7a5d40 JavaThread "Unconstrained build operations Thread 26" [_thread_blocked, id=35056, stack(0x0000009c4c600000,0x0000009c4c700000)]
  0x000001a46d7a43f0 JavaThread "Unconstrained build operations Thread 27" [_thread_blocked, id=22736, stack(0x0000009c4c700000,0x0000009c4c800000)]
  0x000001a46d7a4900 JavaThread "Unconstrained build operations Thread 28" [_thread_blocked, id=41452, stack(0x0000009c4c800000,0x0000009c4c900000)]
  0x000001a46d7a6760 JavaThread "Unconstrained build operations Thread 29" [_thread_blocked, id=23392, stack(0x0000009c4c900000,0x0000009c4ca00000)]
  0x000001a46d7a3ee0 JavaThread "Unconstrained build operations Thread 30" [_thread_blocked, id=38296, stack(0x0000009c4ca00000,0x0000009c4cb00000)]
  0x000001a46d7a5320 JavaThread "Unconstrained build operations Thread 31" [_thread_blocked, id=29740, stack(0x0000009c4cc00000,0x0000009c4cd00000)]
  0x000001a47176c080 JavaThread "Unconstrained build operations Thread 32" [_thread_blocked, id=30768, stack(0x0000009c4cd00000,0x0000009c4ce00000)]
  0x000001a47176caa0 JavaThread "Unconstrained build operations Thread 33" [_thread_blocked, id=39072, stack(0x0000009c4ce00000,0x0000009c4cf00000)]
  0x000001a47176c590 JavaThread "Unconstrained build operations Thread 34" [_thread_blocked, id=35816, stack(0x0000009c4cf00000,0x0000009c4d000000)]
  0x000001a47176bb70 JavaThread "Unconstrained build operations Thread 35" [_thread_blocked, id=33136, stack(0x0000009c4d000000,0x0000009c4d100000)]
  0x000001a47176d4c0 JavaThread "Unconstrained build operations Thread 36" [_thread_blocked, id=32404, stack(0x0000009c4d100000,0x0000009c4d200000)]
  0x000001a47176cfb0 JavaThread "Unconstrained build operations Thread 37" [_thread_blocked, id=14524, stack(0x0000009c4d200000,0x0000009c4d300000)]
  0x000001a47176f320 JavaThread "Unconstrained build operations Thread 38" [_thread_blocked, id=31528, stack(0x0000009c4d300000,0x0000009c4d400000)]
  0x000001a47176fd40 JavaThread "Unconstrained build operations Thread 39" [_thread_blocked, id=35268, stack(0x0000009c4d400000,0x0000009c4d500000)]
  0x000001a47176f830 JavaThread "Unconstrained build operations Thread 40" [_thread_blocked, id=16936, stack(0x0000009c4d500000,0x0000009c4d600000)]
  0x000001a47176ee10 JavaThread "Unconstrained build operations Thread 41" [_thread_blocked, id=36884, stack(0x0000009c4d600000,0x0000009c4d700000)]
  0x000001a471771180 JavaThread "Unconstrained build operations Thread 42" [_thread_blocked, id=29612, stack(0x0000009c4d700000,0x0000009c4d800000)]
  0x000001a471770c70 JavaThread "Unconstrained build operations Thread 43" [_thread_blocked, id=30268, stack(0x0000009c4d800000,0x0000009c4d900000)]
  0x000001a47176d9d0 JavaThread "Unconstrained build operations Thread 44" [_thread_blocked, id=34188, stack(0x0000009c4d900000,0x0000009c4da00000)]
  0x000001a47176dee0 JavaThread "Unconstrained build operations Thread 45" [_thread_blocked, id=1500, stack(0x0000009c4da00000,0x0000009c4db00000)]
  0x000001a471772ad0 JavaThread "build event listener" [_thread_blocked, id=41668, stack(0x0000009c4de00000,0x0000009c4df00000)]
  0x000001a471770250 JavaThread "included builds" [_thread_blocked, id=41440, stack(0x0000009c4dc00000,0x0000009c4dd00000)]
  0x000001a4717734f0 JavaThread "Execution worker" [_thread_blocked, id=41188, stack(0x0000009c4dd00000,0x0000009c4de00000)]
  0x000001a4717720b0 JavaThread "Execution worker Thread 2" [_thread_blocked, id=34192, stack(0x0000009c4df00000,0x0000009c4e000000)]
  0x000001a4717725c0 JavaThread "Execution worker Thread 3" [_thread_blocked, id=26816, stack(0x0000009c4e000000,0x0000009c4e100000)]
  0x000001a471770760 JavaThread "Execution worker Thread 4" [_thread_blocked, id=31600, stack(0x0000009c4e100000,0x0000009c4e200000)]
  0x000001a46d17d740 JavaThread "Execution worker Thread 5" [_thread_blocked, id=6600, stack(0x0000009c4e200000,0x0000009c4e300000)]
  0x000001a46d17b8e0 JavaThread "Execution worker Thread 6" [_thread_blocked, id=35868, stack(0x0000009c4e300000,0x0000009c4e400000)]
  0x000001a46d17a4a0 JavaThread "Execution worker Thread 7" [_thread_blocked, id=10908, stack(0x0000009c4e400000,0x0000009c4e500000)]
  0x000001a46d17b3d0 JavaThread "Execution worker Thread 8" [_thread_blocked, id=38184, stack(0x0000009c4e500000,0x0000009c4e600000)]
  0x000001a46d17cd20 JavaThread "Execution worker Thread 9" [_thread_blocked, id=22124, stack(0x0000009c4e600000,0x0000009c4e700000)]
  0x000001a46d179f90 JavaThread "Execution worker Thread 10" [_thread_blocked, id=33056, stack(0x0000009c4e700000,0x0000009c4e800000)]
  0x000001a46d17aec0 JavaThread "Execution worker Thread 11" [_thread_blocked, id=41508, stack(0x0000009c4e800000,0x0000009c4e900000)]
  0x000001a46d17a9b0 JavaThread "Execution worker Thread 12" [_thread_blocked, id=18812, stack(0x0000009c4e900000,0x0000009c4ea00000)]
  0x000001a46d17d230 JavaThread "Execution worker Thread 13" [_thread_blocked, id=35820, stack(0x0000009c4ea00000,0x0000009c4eb00000)]
  0x000001a46d17bdf0 JavaThread "Execution worker Thread 14" [_thread_blocked, id=32400, stack(0x0000009c4eb00000,0x0000009c4ec00000)]
  0x000001a46d17c300 JavaThread "Execution worker Thread 15" [_thread_blocked, id=11188, stack(0x0000009c4ec00000,0x0000009c4ed00000)]
  0x000001a46d17c810 JavaThread "Cache worker for execution history cache (E:\projects\lemuroid\Lemuroid\buildSrc\.gradle\8.10.2\executionHistory)" [_thread_blocked, id=21360, stack(0x0000009c4ed00000,0x0000009c4ee00000)]
  0x000001a46f318cd0 JavaThread "Unconstrained build operations Thread 46" [_thread_blocked, id=4604, stack(0x0000009c4ee00000,0x0000009c4ef00000)]
  0x000001a46f317da0 JavaThread "Unconstrained build operations Thread 47" [_thread_blocked, id=38220, stack(0x0000009c4ef00000,0x0000009c4f000000)]
  0x000001a46f317380 JavaThread "Unconstrained build operations Thread 48" [_thread_blocked, id=3600, stack(0x0000009c4f000000,0x0000009c4f100000)]
  0x000001a46f3182b0 JavaThread "Unconstrained build operations Thread 49" [_thread_blocked, id=31488, stack(0x0000009c4f100000,0x0000009c4f200000)]
  0x000001a46f3187c0 JavaThread "Unconstrained build operations Thread 50" [_thread_blocked, id=22812, stack(0x0000009c4f200000,0x0000009c4f300000)]
  0x000001a46f315a30 JavaThread "Unconstrained build operations Thread 51" [_thread_blocked, id=25580, stack(0x0000009c4f300000,0x0000009c4f400000)]
  0x000001a46f3191e0 JavaThread "Unconstrained build operations Thread 52" [_thread_blocked, id=11988, stack(0x0000009c4f400000,0x0000009c4f500000)]
  0x000001a46f316450 JavaThread "Unconstrained build operations Thread 53" [_thread_blocked, id=20220, stack(0x0000009c4f500000,0x0000009c4f600000)]
  0x000001a46f316e70 JavaThread "Unconstrained build operations Thread 54" [_thread_blocked, id=13660, stack(0x0000009c4f600000,0x0000009c4f700000)]
  0x000001a46f316960 JavaThread "Unconstrained build operations Thread 55" [_thread_blocked, id=5076, stack(0x0000009c4f700000,0x0000009c4f800000)]
  0x000001a46f317890 JavaThread "Unconstrained build operations Thread 56" [_thread_blocked, id=22828, stack(0x0000009c4f800000,0x0000009c4f900000)]
  0x000001a46c6dd770 JavaThread "Unconstrained build operations Thread 57" [_thread_blocked, id=14588, stack(0x0000009c4f900000,0x0000009c4fa00000)]
  0x000001a46c6dfae0 JavaThread "Unconstrained build operations Thread 58" [_thread_blocked, id=11956, stack(0x0000009c4fa00000,0x0000009c4fb00000)]
  0x000001a46c6de6a0 JavaThread "Unconstrained build operations Thread 59" [_thread_blocked, id=29088, stack(0x0000009c4fb00000,0x0000009c4fc00000)]
  0x000001a46c6dfff0 JavaThread "Unconstrained build operations Thread 60" [_thread_blocked, id=33080, stack(0x0000009c4fc00000,0x0000009c4fd00000)]
  0x000001a46c6ddc80 JavaThread "Unconstrained build operations Thread 61" [_thread_blocked, id=3092, stack(0x0000009c4fd00000,0x0000009c4fe00000)]
  0x000001a46c6df5d0 JavaThread "Unconstrained build operations Thread 62" [_thread_blocked, id=12356, stack(0x0000009c4fe00000,0x0000009c4ff00000)]
  0x000001a46c6de190 JavaThread "Unconstrained build operations Thread 63" [_thread_blocked, id=37512, stack(0x0000009c4ff00000,0x0000009c50000000)]
  0x000001a46c6debb0 JavaThread "Unconstrained build operations Thread 64" [_thread_blocked, id=31828, stack(0x0000009c50000000,0x0000009c50100000)]
  0x000001a46c6e0500 JavaThread "Unconstrained build operations Thread 65" [_thread_blocked, id=31236, stack(0x0000009c50100000,0x0000009c50200000)]
  0x000001a46c6df0c0 JavaThread "Unconstrained build operations Thread 66" [_thread_blocked, id=36848, stack(0x0000009c50200000,0x0000009c50300000)]
  0x000001a46c6e0a10 JavaThread "Unconstrained build operations Thread 67" [_thread_blocked, id=37488, stack(0x0000009c50300000,0x0000009c50400000)]
  0x000001a46c6dd260 JavaThread "Unconstrained build operations Thread 68" [_thread_blocked, id=13772, stack(0x0000009c50400000,0x0000009c50500000)]
  0x000001a46c6e1940 JavaThread "Unconstrained build operations Thread 69" [_thread_blocked, id=29548, stack(0x0000009c50500000,0x0000009c50600000)]
  0x000001a46c6e2360 JavaThread "Unconstrained build operations Thread 70" [_thread_blocked, id=41080, stack(0x0000009c50600000,0x0000009c50700000)]
  0x000001a46c6e1e50 JavaThread "Unconstrained build operations Thread 71" [_thread_blocked, id=11480, stack(0x0000009c50700000,0x0000009c50800000)]
  0x000001a46c6e37a0 JavaThread "Unconstrained build operations Thread 72" [_thread_blocked, id=40976, stack(0x0000009c50800000,0x0000009c50900000)]
  0x000001a46c6e1430 JavaThread "Unconstrained build operations Thread 73" [_thread_blocked, id=15652, stack(0x0000009c50900000,0x0000009c50a00000)]
  0x000001a46c6e2870 JavaThread "Unconstrained build operations Thread 74" [_thread_blocked, id=31932, stack(0x0000009c50a00000,0x0000009c50b00000)]
  0x000001a46c6e3290 JavaThread "Unconstrained build operations Thread 75" [_thread_blocked, id=27324, stack(0x0000009c50b00000,0x0000009c50c00000)]
  0x000001a46c6e3cb0 JavaThread "Unconstrained build operations Thread 76" [_thread_blocked, id=39728, stack(0x0000009c50c00000,0x0000009c50d00000)]
  0x000001a46c6e41c0 JavaThread "Unconstrained build operations Thread 77" [_thread_blocked, id=40536, stack(0x0000009c50d00000,0x0000009c50e00000)]
  0x000001a46c6e0f20 JavaThread "Unconstrained build operations Thread 78" [_thread_blocked, id=9428, stack(0x0000009c50e00000,0x0000009c50f00000)]
  0x000001a46c6e46d0 JavaThread "Unconstrained build operations Thread 79" [_thread_blocked, id=33896, stack(0x0000009c50f00000,0x0000009c51000000)]
  0x000001a46c6e4be0 JavaThread "Unconstrained build operations Thread 80" [_thread_blocked, id=23396, stack(0x0000009c51000000,0x0000009c51100000)]
  0x000001a46ecd3480 JavaThread "Unconstrained build operations Thread 81" [_thread_blocked, id=10292, stack(0x0000009c51100000,0x0000009c51200000)]
  0x000001a46ecd3990 JavaThread "Unconstrained build operations Thread 82" [_thread_blocked, id=38668, stack(0x0000009c51200000,0x0000009c51300000)]
  0x000001a46ecd2a60 JavaThread "Unconstrained build operations Thread 83" [_thread_blocked, id=20484, stack(0x0000009c51300000,0x0000009c51400000)]
  0x000001a46ecd5d00 JavaThread "Unconstrained build operations Thread 84" [_thread_blocked, id=7636, stack(0x0000009c51400000,0x0000009c51500000)]
  0x000001a46ecd2f70 JavaThread "Unconstrained build operations Thread 85" [_thread_blocked, id=17772, stack(0x0000009c51500000,0x0000009c51600000)]
  0x000001a46ecd2550 JavaThread "Unconstrained build operations Thread 86" [_thread_blocked, id=41228, stack(0x0000009c51600000,0x0000009c51700000)]
  0x000001a46ecd43b0 JavaThread "Unconstrained build operations Thread 87" [_thread_blocked, id=25116, stack(0x0000009c51700000,0x0000009c51800000)]
  0x000001a46ecd4dd0 JavaThread "Unconstrained build operations Thread 88" [_thread_blocked, id=31068, stack(0x0000009c51800000,0x0000009c51900000)]
  0x000001a46ecd7650 JavaThread "Unconstrained build operations Thread 89" [_thread_blocked, id=34580, stack(0x0000009c51900000,0x0000009c51a00000)]
  0x000001a46ecd6210 JavaThread "Unconstrained build operations Thread 90" [_thread_blocked, id=41912, stack(0x0000009c51a00000,0x0000009c51b00000)]
  0x000001a46ecd6720 JavaThread "Unconstrained build operations Thread 91" [_thread_blocked, id=7584, stack(0x0000009c51b00000,0x0000009c51c00000)]
  0x000001a46ecd3ea0 JavaThread "Unconstrained build operations Thread 92" [_thread_blocked, id=1136, stack(0x0000009c51c00000,0x0000009c51d00000)]
  0x000001a46ecd52e0 JavaThread "Unconstrained build operations Thread 93" [_thread_blocked, id=41704, stack(0x0000009c51d00000,0x0000009c51e00000)]
  0x000001a46ecd57f0 JavaThread "Unconstrained build operations Thread 94" [_thread_blocked, id=27464, stack(0x0000009c51e00000,0x0000009c51f00000)]
  0x000001a46ecd7b60 JavaThread "Unconstrained build operations Thread 95" [_thread_blocked, id=23108, stack(0x0000009c51f00000,0x0000009c52000000)]
  0x000001a46ecd48c0 JavaThread "Unconstrained build operations Thread 96" [_thread_blocked, id=32076, stack(0x0000009c52000000,0x0000009c52100000)]
  0x000001a46ecd94b0 JavaThread "Unconstrained build operations Thread 97" [_thread_blocked, id=41408, stack(0x0000009c52100000,0x0000009c52200000)]
  0x000001a46ecd6c30 JavaThread "Unconstrained build operations Thread 98" [_thread_blocked, id=26460, stack(0x0000009c52200000,0x0000009c52300000)]
  0x000001a46ecd7140 JavaThread "Unconstrained build operations Thread 99" [_thread_blocked, id=15660, stack(0x0000009c52300000,0x0000009c52400000)]
  0x000001a46ecd99c0 JavaThread "Unconstrained build operations Thread 100" [_thread_blocked, id=5252, stack(0x0000009c52400000,0x0000009c52500000)]
  0x000001a46ecd8580 JavaThread "Unconstrained build operations Thread 101" [_thread_blocked, id=40112, stack(0x0000009c52500000,0x0000009c52600000)]
  0x000001a46ecd8a90 JavaThread "Unconstrained build operations Thread 102" [_thread_blocked, id=35992, stack(0x0000009c52600000,0x0000009c52700000)]
  0x000001a46ecd8070 JavaThread "Unconstrained build operations Thread 103" [_thread_blocked, id=26072, stack(0x0000009c52700000,0x0000009c52800000)]
  0x000001a46ecd8fa0 JavaThread "Unconstrained build operations Thread 104" [_thread_blocked, id=39000, stack(0x0000009c52800000,0x0000009c52900000)]
  0x000001a46ecd9ed0 JavaThread "Unconstrained build operations Thread 105" [_thread_blocked, id=18356, stack(0x0000009c52900000,0x0000009c52a00000)]
  0x000001a46d2952d0 JavaThread "Unconstrained build operations Thread 106" [_thread_blocked, id=36616, stack(0x0000009c52a00000,0x0000009c52b00000)]
  0x000001a46d293470 JavaThread "Unconstrained build operations Thread 107" [_thread_blocked, id=36668, stack(0x0000009c52b00000,0x0000009c52c00000)]
  0x000001a46d2957e0 JavaThread "Unconstrained build operations Thread 108" [_thread_blocked, id=16372, stack(0x0000009c52c00000,0x0000009c52d00000)]
  0x000001a46d295cf0 JavaThread "Unconstrained build operations Thread 109" [_thread_blocked, id=40804, stack(0x0000009c52d00000,0x0000009c52e00000)]
  0x000001a46d292540 JavaThread "Unconstrained build operations Thread 110" [_thread_blocked, id=40892, stack(0x0000009c52e00000,0x0000009c52f00000)]
  0x000001a46d296200 JavaThread "Unconstrained build operations Thread 111" [_thread_blocked, id=34224, stack(0x0000009c52f00000,0x0000009c53000000)]
  0x000001a46d2948b0 JavaThread "Unconstrained build operations Thread 112" [_thread_blocked, id=35132, stack(0x0000009c53000000,0x0000009c53100000)]
  0x000001a46d292a50 JavaThread "Unconstrained build operations Thread 113" [_thread_blocked, id=4836, stack(0x0000009c53100000,0x0000009c53200000)]
  0x000001a46d293e90 JavaThread "Unconstrained build operations Thread 114" [_thread_blocked, id=1956, stack(0x0000009c53200000,0x0000009c53300000)]
  0x000001a46d292f60 JavaThread "Unconstrained build operations Thread 115" [_thread_blocked, id=36168, stack(0x0000009c53300000,0x0000009c53400000)]
  0x000001a46d297130 JavaThread "Unconstrained build operations Thread 116" [_thread_blocked, id=30900, stack(0x0000009c53400000,0x0000009c53500000)]
  0x000001a46d296c20 JavaThread "Unconstrained build operations Thread 117" [_thread_blocked, id=41284, stack(0x0000009c53500000,0x0000009c53600000)]
  0x000001a46d296710 JavaThread "Unconstrained build operations Thread 118" [_thread_blocked, id=19364, stack(0x0000009c53600000,0x0000009c53700000)]
  0x000001a46d293980 JavaThread "Unconstrained build operations Thread 119" [_thread_blocked, id=30260, stack(0x0000009c53700000,0x0000009c53800000)]
  0x000001a46d297b50 JavaThread "build event listener" [_thread_blocked, id=35524, stack(0x0000009c53900000,0x0000009c53a00000)]
  0x000001a4735b5620 JavaThread "C1 CompilerThread1" daemon [_thread_blocked, id=32976, stack(0x0000009c4cb00000,0x0000009c4cc00000)]
  0x000001a4735b2ba0 JavaThread "C1 CompilerThread2" daemon [_thread_blocked, id=41872, stack(0x0000009c4db00000,0x0000009c4dc00000)]
=>0x000001a4701bd5b0 JavaThread "C2 CompilerThread1" daemon [_thread_in_native, id=24936, stack(0x0000009c48200000,0x0000009c48300000)]
  0x000001a4701be050 JavaThread "C2 CompilerThread2" daemon [_thread_in_native, id=7320, stack(0x0000009c48700000,0x0000009c48800000)]

Other Threads:
  0x000001a42395d160 VMThread "VM Thread" [stack: 0x0000009c47600000,0x0000009c47700000] [id=41780]
  0x000001a426ab4a70 WatcherThread [stack: 0x0000009c48500000,0x0000009c48600000] [id=39048]
  0x000001a406525440 GCTaskThread "GC Thread#0" [stack: 0x0000009c47100000,0x0000009c47200000] [id=40776]
  0x000001a46ca523e0 GCTaskThread "GC Thread#1" [stack: 0x0000009c48900000,0x0000009c48a00000] [id=41148]
  0x000001a46ca53790 GCTaskThread "GC Thread#2" [stack: 0x0000009c48a00000,0x0000009c48b00000] [id=37520]
  0x000001a46ca53a60 GCTaskThread "GC Thread#3" [stack: 0x0000009c48b00000,0x0000009c48c00000] [id=40068]
  0x000001a46ca526b0 GCTaskThread "GC Thread#4" [stack: 0x0000009c48c00000,0x0000009c48d00000] [id=31348]
  0x000001a46ca534c0 GCTaskThread "GC Thread#5" [stack: 0x0000009c48d00000,0x0000009c48e00000] [id=39676]
  0x000001a46ca52110 GCTaskThread "GC Thread#6" [stack: 0x0000009c48e00000,0x0000009c48f00000] [id=7432]
  0x000001a46ca53d30 GCTaskThread "GC Thread#7" [stack: 0x0000009c48f00000,0x0000009c49000000] [id=4808]
  0x000001a46ca52980 GCTaskThread "GC Thread#8" [stack: 0x0000009c49000000,0x0000009c49100000] [id=41320]
  0x000001a46ca52c50 GCTaskThread "GC Thread#9" [stack: 0x0000009c49100000,0x0000009c49200000] [id=20456]
  0x000001a46ca52f20 GCTaskThread "GC Thread#10" [stack: 0x0000009c49200000,0x0000009c49300000] [id=29556]
  0x000001a46ca531f0 GCTaskThread "GC Thread#11" [stack: 0x0000009c49300000,0x0000009c49400000] [id=29900]
  0x000001a46d4ce4e0 GCTaskThread "GC Thread#12" [stack: 0x0000009c4a300000,0x0000009c4a400000] [id=12348]
  0x000001a423798320 ConcurrentGCThread "G1 Main Marker" [stack: 0x0000009c47200000,0x0000009c47300000] [id=28208]
  0x000001a423798ef0 ConcurrentGCThread "G1 Conc#0" [stack: 0x0000009c47300000,0x0000009c47400000] [id=37624]
  0x000001a46d4d06a0 ConcurrentGCThread "G1 Conc#1" [stack: 0x0000009c4a400000,0x0000009c4a500000] [id=41880]
  0x000001a46d4cce60 ConcurrentGCThread "G1 Conc#2" [stack: 0x0000009c4a500000,0x0000009c4a600000] [id=35976]
  0x000001a4238eb100 ConcurrentGCThread "G1 Refine#0" [stack: 0x0000009c47400000,0x0000009c47500000] [id=7316]
  0x000001a4238eb8f0 ConcurrentGCThread "G1 Service" [stack: 0x0000009c47500000,0x0000009c47600000] [id=22108]

Threads with active compile tasks:
C2 CompilerThread0  41797 16361       4       org.gradle.internal.reflect.JavaReflectionUtil::getAnnotation (101 bytes)
C2 CompilerThread1  41797 16381       4       org.gradle.api.internal.DefaultDomainObjectCollection::configureEach (123 bytes)
C2 CompilerThread2  41797 16425       4       org.gradle.internal.reflect.ClassInspector::inspectClass (179 bytes)

VM state: not at safepoint (normal execution)

VM Mutex/Monitor currently owned by a thread: None

Heap address: 0x0000000760000000, size: 2560 MB, Compressed Oops mode: Zero based, Oop shift amount: 3

CDS archive(s) mapped at: [0x000001a427000000-0x000001a427bb0000-0x000001a427bb0000), size 12255232, SharedBaseAddress: 0x000001a427000000, ArchiveRelocationMode: 1.
Compressed class space mapped at: 0x000001a428000000-0x000001a468000000, reserved size: 1073741824
Narrow klass base: 0x000001a427000000, Narrow klass shift: 0, Narrow klass range: 0x100000000

GC Precious Log:
 CPUs: 16 total, 16 available
 Memory: 32125M
 Large Page Support: Disabled
 NUMA Support: Disabled
 Compressed Oops: Enabled (Zero based)
 Heap Region Size: 2M
 Heap Min Capacity: 8M
 Heap Initial Capacity: 502M
 Heap Max Capacity: 2560M
 Pre-touch: Disabled
 Parallel Workers: 13
 Concurrent Workers: 3
 Concurrent Refinement Workers: 13
 Periodic GC: Disabled

Heap:
 garbage-first heap   total 499712K, used 249210K [0x0000000760000000, 0x0000000800000000)
  region size 2048K, 51 young (104448K), 11 survivors (22528K)
 Metaspace       used 104114K, committed 105152K, reserved 1179648K
  class space    used 14737K, committed 15232K, reserved 1048576K

Heap Regions: E=young(eden), S=young(survivor), O=old, HS=humongous(starts), HC=humongous(continues), CS=collection set, F=free, OA=open archive, CA=closed archive, TAMS=top-at-mark-start (previous, next)
|   0|0x0000000760000000, 0x0000000760200000, 0x0000000760200000|100%| O|  |TAMS 0x0000000760200000, 0x0000000760000000| Untracked 
|   1|0x0000000760200000, 0x0000000760400000, 0x0000000760400000|100%|HS|  |TAMS 0x0000000760400000, 0x0000000760200000| Complete 
|   2|0x0000000760400000, 0x0000000760600000, 0x0000000760600000|100%|HC|  |TAMS 0x0000000760600000, 0x0000000760400000| Complete 
|   3|0x0000000760600000, 0x0000000760800000, 0x0000000760800000|100%| O|  |TAMS 0x0000000760800000, 0x0000000760600000| Untracked 
|   4|0x0000000760800000, 0x0000000760990600, 0x0000000760a00000| 78%| O|  |TAMS 0x0000000760990600, 0x0000000760800000| Untracked 
|   5|0x0000000760a00000, 0x0000000760c00000, 0x0000000760c00000|100%| O|  |TAMS 0x0000000760c00000, 0x0000000760a00000| Untracked 
|   6|0x0000000760c00000, 0x0000000760e00000, 0x0000000760e00000|100%| O|  |TAMS 0x0000000760e00000, 0x0000000760c00000| Untracked 
|   7|0x0000000760e00000, 0x0000000761000000, 0x0000000761000000|100%| O|  |TAMS 0x0000000761000000, 0x0000000760e00000| Untracked 
|   8|0x0000000761000000, 0x0000000761200000, 0x0000000761200000|100%| O|  |TAMS 0x0000000761200000, 0x0000000761000000| Untracked 
|   9|0x0000000761200000, 0x0000000761400000, 0x0000000761400000|100%| O|  |TAMS 0x0000000761400000, 0x0000000761200000| Untracked 
|  10|0x0000000761400000, 0x0000000761600000, 0x0000000761600000|100%| O|  |TAMS 0x0000000761600000, 0x0000000761400000| Untracked 
|  11|0x0000000761600000, 0x0000000761800000, 0x0000000761800000|100%| O|  |TAMS 0x0000000761800000, 0x0000000761600000| Untracked 
|  12|0x0000000761800000, 0x0000000761a00000, 0x0000000761a00000|100%| O|  |TAMS 0x0000000761a00000, 0x0000000761800000| Untracked 
|  13|0x0000000761a00000, 0x0000000761c00000, 0x0000000761c00000|100%| O|  |TAMS 0x0000000761c00000, 0x0000000761a00000| Untracked 
|  14|0x0000000761c00000, 0x0000000761e00000, 0x0000000761e00000|100%| O|  |TAMS 0x0000000761e00000, 0x0000000761c00000| Untracked 
|  15|0x0000000761e00000, 0x0000000762000000, 0x0000000762000000|100%| O|  |TAMS 0x0000000762000000, 0x0000000761e00000| Untracked 
|  16|0x0000000762000000, 0x0000000762200000, 0x0000000762200000|100%| O|  |TAMS 0x0000000762200000, 0x0000000762000000| Untracked 
|  17|0x0000000762200000, 0x0000000762400000, 0x0000000762400000|100%| O|  |TAMS 0x0000000762400000, 0x0000000762200000| Untracked 
|  18|0x0000000762400000, 0x0000000762600000, 0x0000000762600000|100%| O|  |TAMS 0x0000000762600000, 0x0000000762400000| Untracked 
|  19|0x0000000762600000, 0x0000000762800000, 0x0000000762800000|100%| O|  |TAMS 0x0000000762800000, 0x0000000762600000| Untracked 
|  20|0x0000000762800000, 0x0000000762a00000, 0x0000000762a00000|100%| O|  |TAMS 0x0000000762a00000, 0x0000000762800000| Untracked 
|  21|0x0000000762a00000, 0x0000000762c00000, 0x0000000762c00000|100%| O|  |TAMS 0x0000000762c00000, 0x0000000762a00000| Untracked 
|  22|0x0000000762c00000, 0x0000000762e00000, 0x0000000762e00000|100%|HS|  |TAMS 0x0000000762e00000, 0x0000000762c00000| Complete 
|  23|0x0000000762e00000, 0x0000000763000000, 0x0000000763000000|100%|HS|  |TAMS 0x0000000763000000, 0x0000000762e00000| Complete 
|  24|0x0000000763000000, 0x0000000763200000, 0x0000000763200000|100%|HS|  |TAMS 0x0000000763200000, 0x0000000763000000| Complete 
|  25|0x0000000763200000, 0x0000000763400000, 0x0000000763400000|100%|HC|  |TAMS 0x0000000763400000, 0x0000000763200000| Complete 
|  26|0x0000000763400000, 0x0000000763600000, 0x0000000763600000|100%|HS|  |TAMS 0x0000000763600000, 0x0000000763400000| Complete 
|  27|0x0000000763600000, 0x0000000763800000, 0x0000000763800000|100%|HC|  |TAMS 0x0000000763800000, 0x0000000763600000| Complete 
|  28|0x0000000763800000, 0x0000000763a00000, 0x0000000763a00000|100%| O|  |TAMS 0x0000000763a00000, 0x0000000763800000| Untracked 
|  29|0x0000000763a00000, 0x0000000763c00000, 0x0000000763c00000|100%| O|  |TAMS 0x0000000763c00000, 0x0000000763a00000| Untracked 
|  30|0x0000000763c00000, 0x0000000763e00000, 0x0000000763e00000|100%| O|  |TAMS 0x0000000763e00000, 0x0000000763c00000| Untracked 
|  31|0x0000000763e00000, 0x0000000764000000, 0x0000000764000000|100%| O|  |TAMS 0x0000000764000000, 0x0000000763e00000| Untracked 
|  32|0x0000000764000000, 0x0000000764200000, 0x0000000764200000|100%| O|  |TAMS 0x0000000764200000, 0x0000000764000000| Untracked 
|  33|0x0000000764200000, 0x0000000764400000, 0x0000000764400000|100%| O|  |TAMS 0x0000000764400000, 0x0000000764200000| Untracked 
|  34|0x0000000764400000, 0x0000000764600000, 0x0000000764600000|100%|HS|  |TAMS 0x0000000764600000, 0x0000000764400000| Complete 
|  35|0x0000000764600000, 0x0000000764800000, 0x0000000764800000|100%|HS|  |TAMS 0x0000000764800000, 0x0000000764600000| Complete 
|  36|0x0000000764800000, 0x0000000764a00000, 0x0000000764a00000|100%|HS|  |TAMS 0x0000000764a00000, 0x0000000764800000| Complete 
|  37|0x0000000764a00000, 0x0000000764c00000, 0x0000000764c00000|100%|HC|  |TAMS 0x0000000764c00000, 0x0000000764a00000| Complete 
|  38|0x0000000764c00000, 0x0000000764e00000, 0x0000000764e00000|100%| O|  |TAMS 0x0000000764e00000, 0x0000000764c00000| Untracked 
|  39|0x0000000764e00000, 0x0000000765000000, 0x0000000765000000|100%|HS|  |TAMS 0x0000000765000000, 0x0000000764e00000| Complete 
|  40|0x0000000765000000, 0x0000000765200000, 0x0000000765200000|100%|HC|  |TAMS 0x0000000765200000, 0x0000000765000000| Complete 
|  41|0x0000000765200000, 0x0000000765400000, 0x0000000765400000|100%| O|  |TAMS 0x0000000765400000, 0x0000000765200000| Untracked 
|  42|0x0000000765400000, 0x0000000765600000, 0x0000000765600000|100%| O|  |TAMS 0x0000000765400000, 0x0000000765400000| Untracked 
|  43|0x0000000765600000, 0x0000000765800000, 0x0000000765800000|100%| O|  |TAMS 0x0000000765600000, 0x0000000765600000| Untracked 
|  44|0x0000000765800000, 0x0000000765a00000, 0x0000000765a00000|100%| O|  |TAMS 0x0000000765a00000, 0x0000000765800000| Untracked 
|  45|0x0000000765a00000, 0x0000000765c00000, 0x0000000765c00000|100%| O|  |TAMS 0x0000000765c00000, 0x0000000765a00000| Untracked 
|  46|0x0000000765c00000, 0x0000000765e00000, 0x0000000765e00000|100%| O|  |TAMS 0x0000000765e00000, 0x0000000765c00000| Untracked 
|  47|0x0000000765e00000, 0x0000000766000000, 0x0000000766000000|100%| O|  |TAMS 0x0000000766000000, 0x0000000765e00000| Untracked 
|  48|0x0000000766000000, 0x0000000766200000, 0x0000000766200000|100%| O|  |TAMS 0x0000000766200000, 0x0000000766000000| Untracked 
|  49|0x0000000766200000, 0x0000000766400000, 0x0000000766400000|100%| O|  |TAMS 0x0000000766400000, 0x0000000766200000| Untracked 
|  50|0x0000000766400000, 0x0000000766600000, 0x0000000766600000|100%| O|  |TAMS 0x0000000766600000, 0x0000000766400000| Untracked 
|  51|0x0000000766600000, 0x0000000766800000, 0x0000000766800000|100%| O|  |TAMS 0x0000000766800000, 0x0000000766600000| Untracked 
|  52|0x0000000766800000, 0x0000000766a00000, 0x0000000766a00000|100%| O|  |TAMS 0x0000000766a00000, 0x0000000766800000| Untracked 
|  53|0x0000000766a00000, 0x0000000766c00000, 0x0000000766c00000|100%| O|  |TAMS 0x0000000766c00000, 0x0000000766a00000| Untracked 
|  54|0x0000000766c00000, 0x0000000766e00000, 0x0000000766e00000|100%| O|  |TAMS 0x0000000766e00000, 0x0000000766c00000| Untracked 
|  55|0x0000000766e00000, 0x0000000767000000, 0x0000000767000000|100%| O|  |TAMS 0x0000000767000000, 0x0000000766e00000| Untracked 
|  56|0x0000000767000000, 0x0000000767200000, 0x0000000767200000|100%| O|  |TAMS 0x0000000767200000, 0x0000000767000000| Untracked 
|  57|0x0000000767200000, 0x0000000767400000, 0x0000000767400000|100%| O|  |TAMS 0x0000000767400000, 0x0000000767200000| Untracked 
|  58|0x0000000767400000, 0x0000000767600000, 0x0000000767600000|100%| O|  |TAMS 0x0000000767600000, 0x0000000767400000| Untracked 
|  59|0x0000000767600000, 0x0000000767600000, 0x0000000767800000|  0%| F|  |TAMS 0x0000000767600000, 0x0000000767600000| Untracked 
|  60|0x0000000767800000, 0x0000000767a00000, 0x0000000767a00000|100%| O|  |TAMS 0x0000000767a00000, 0x0000000767800000| Untracked 
|  61|0x0000000767a00000, 0x0000000767c00000, 0x0000000767c00000|100%| O|  |TAMS 0x0000000767c00000, 0x0000000767a00000| Untracked 
|  62|0x0000000767c00000, 0x0000000767e00000, 0x0000000767e00000|100%| O|  |TAMS 0x0000000767e00000, 0x0000000767c00000| Untracked 
|  63|0x0000000767e00000, 0x0000000768000000, 0x0000000768000000|100%| O|  |TAMS 0x0000000768000000, 0x0000000767e00000| Untracked 
|  64|0x0000000768000000, 0x0000000768200000, 0x0000000768200000|100%| O|  |TAMS 0x0000000768200000, 0x0000000768000000| Untracked 
|  65|0x0000000768200000, 0x0000000768200000, 0x0000000768400000|  0%| F|  |TAMS 0x0000000768200000, 0x0000000768200000| Untracked 
|  66|0x0000000768400000, 0x0000000768600000, 0x0000000768600000|100%| O|  |TAMS 0x0000000768496a00, 0x0000000768400000| Untracked 
|  67|0x0000000768600000, 0x0000000768800000, 0x0000000768800000|100%| O|  |TAMS 0x0000000768600000, 0x0000000768600000| Untracked 
|  68|0x0000000768800000, 0x0000000768a00000, 0x0000000768a00000|100%| O|  |TAMS 0x0000000768800000, 0x0000000768800000| Untracked 
|  69|0x0000000768a00000, 0x0000000768c00000, 0x0000000768c00000|100%| O|  |TAMS 0x0000000768a00000, 0x0000000768a00000| Untracked 
|  70|0x0000000768c00000, 0x0000000768e00000, 0x0000000768e00000|100%| O|  |TAMS 0x0000000768c00000, 0x0000000768c00000| Untracked 
|  71|0x0000000768e00000, 0x0000000769000000, 0x0000000769000000|100%| O|  |TAMS 0x0000000768e00000, 0x0000000768e00000| Untracked 
|  72|0x0000000769000000, 0x0000000769200000, 0x0000000769200000|100%| O|  |TAMS 0x0000000769000000, 0x0000000769000000| Untracked 
|  73|0x0000000769200000, 0x0000000769400000, 0x0000000769400000|100%| O|  |TAMS 0x0000000769200000, 0x0000000769200000| Untracked 
|  74|0x0000000769400000, 0x0000000769534200, 0x0000000769600000| 60%| O|  |TAMS 0x0000000769400000, 0x0000000769400000| Untracked 
|  75|0x0000000769600000, 0x0000000769600000, 0x0000000769800000|  0%| F|  |TAMS 0x0000000769600000, 0x0000000769600000| Untracked 
|  76|0x0000000769800000, 0x0000000769800000, 0x0000000769a00000|  0%| F|  |TAMS 0x0000000769800000, 0x0000000769800000| Untracked 
|  77|0x0000000769a00000, 0x0000000769a00000, 0x0000000769c00000|  0%| F|  |TAMS 0x0000000769a00000, 0x0000000769a00000| Untracked 
|  78|0x0000000769c00000, 0x0000000769c00000, 0x0000000769e00000|  0%| F|  |TAMS 0x0000000769c00000, 0x0000000769c00000| Untracked 
|  79|0x0000000769e00000, 0x0000000769e00000, 0x000000076a000000|  0%| F|  |TAMS 0x0000000769e00000, 0x0000000769e00000| Untracked 
|  80|0x000000076a000000, 0x000000076a000000, 0x000000076a200000|  0%| F|  |TAMS 0x000000076a000000, 0x000000076a000000| Untracked 
|  81|0x000000076a200000, 0x000000076a200000, 0x000000076a400000|  0%| F|  |TAMS 0x000000076a200000, 0x000000076a200000| Untracked 
|  82|0x000000076a400000, 0x000000076a400000, 0x000000076a600000|  0%| F|  |TAMS 0x000000076a400000, 0x000000076a400000| Untracked 
|  83|0x000000076a600000, 0x000000076a600000, 0x000000076a800000|  0%| F|  |TAMS 0x000000076a600000, 0x000000076a600000| Untracked 
|  84|0x000000076a800000, 0x000000076a800000, 0x000000076aa00000|  0%| F|  |TAMS 0x000000076a800000, 0x000000076a800000| Untracked 
|  85|0x000000076aa00000, 0x000000076aa00000, 0x000000076ac00000|  0%| F|  |TAMS 0x000000076aa00000, 0x000000076aa00000| Untracked 
|  86|0x000000076ac00000, 0x000000076ac00000, 0x000000076ae00000|  0%| F|  |TAMS 0x000000076ac00000, 0x000000076ac00000| Untracked 
|  87|0x000000076ae00000, 0x000000076ae00000, 0x000000076b000000|  0%| F|  |TAMS 0x000000076ae00000, 0x000000076ae00000| Untracked 
|  88|0x000000076b000000, 0x000000076b000000, 0x000000076b200000|  0%| F|  |TAMS 0x000000076b000000, 0x000000076b000000| Untracked 
|  89|0x000000076b200000, 0x000000076b200000, 0x000000076b400000|  0%| F|  |TAMS 0x000000076b200000, 0x000000076b200000| Untracked 
|  90|0x000000076b400000, 0x000000076b400000, 0x000000076b600000|  0%| F|  |TAMS 0x000000076b400000, 0x000000076b400000| Untracked 
|  91|0x000000076b600000, 0x000000076b600000, 0x000000076b800000|  0%| F|  |TAMS 0x000000076b600000, 0x000000076b600000| Untracked 
|  92|0x000000076b800000, 0x000000076b800000, 0x000000076ba00000|  0%| F|  |TAMS 0x000000076b800000, 0x000000076b800000| Untracked 
|  93|0x000000076ba00000, 0x000000076ba00000, 0x000000076bc00000|  0%| F|  |TAMS 0x000000076ba00000, 0x000000076ba00000| Untracked 
|  94|0x000000076bc00000, 0x000000076bc00000, 0x000000076be00000|  0%| F|  |TAMS 0x000000076bc00000, 0x000000076bc00000| Untracked 
|  95|0x000000076be00000, 0x000000076be00000, 0x000000076c000000|  0%| F|  |TAMS 0x000000076be00000, 0x000000076be00000| Untracked 
|  96|0x000000076c000000, 0x000000076c000000, 0x000000076c200000|  0%| F|  |TAMS 0x000000076c000000, 0x000000076c000000| Untracked 
|  97|0x000000076c200000, 0x000000076c200000, 0x000000076c400000|  0%| F|  |TAMS 0x000000076c200000, 0x000000076c200000| Untracked 
|  98|0x000000076c400000, 0x000000076c400000, 0x000000076c600000|  0%| F|  |TAMS 0x000000076c400000, 0x000000076c400000| Untracked 
|  99|0x000000076c600000, 0x000000076c600000, 0x000000076c800000|  0%| F|  |TAMS 0x000000076c600000, 0x000000076c600000| Untracked 
| 100|0x000000076c800000, 0x000000076c800000, 0x000000076ca00000|  0%| F|  |TAMS 0x000000076c800000, 0x000000076c800000| Untracked 
| 101|0x000000076ca00000, 0x000000076ca00000, 0x000000076cc00000|  0%| F|  |TAMS 0x000000076ca00000, 0x000000076ca00000| Untracked 
| 102|0x000000076cc00000, 0x000000076cc00000, 0x000000076ce00000|  0%| F|  |TAMS 0x000000076cc00000, 0x000000076cc00000| Untracked 
| 103|0x000000076ce00000, 0x000000076ce00000, 0x000000076d000000|  0%| F|  |TAMS 0x000000076ce00000, 0x000000076ce00000| Untracked 
| 104|0x000000076d000000, 0x000000076d000000, 0x000000076d200000|  0%| F|  |TAMS 0x000000076d000000, 0x000000076d000000| Untracked 
| 105|0x000000076d200000, 0x000000076d200000, 0x000000076d400000|  0%| F|  |TAMS 0x000000076d200000, 0x000000076d200000| Untracked 
| 106|0x000000076d400000, 0x000000076d400000, 0x000000076d600000|  0%| F|  |TAMS 0x000000076d400000, 0x000000076d400000| Untracked 
| 107|0x000000076d600000, 0x000000076d600000, 0x000000076d800000|  0%| F|  |TAMS 0x000000076d600000, 0x000000076d600000| Untracked 
| 108|0x000000076d800000, 0x000000076d800000, 0x000000076da00000|  0%| F|  |TAMS 0x000000076d800000, 0x000000076d800000| Untracked 
| 109|0x000000076da00000, 0x000000076da00000, 0x000000076dc00000|  0%| F|  |TAMS 0x000000076da00000, 0x000000076da00000| Untracked 
| 110|0x000000076dc00000, 0x000000076dc00000, 0x000000076de00000|  0%| F|  |TAMS 0x000000076dc00000, 0x000000076dc00000| Untracked 
| 111|0x000000076de00000, 0x000000076de00000, 0x000000076e000000|  0%| F|  |TAMS 0x000000076de00000, 0x000000076de00000| Untracked 
| 112|0x000000076e000000, 0x000000076e000000, 0x000000076e200000|  0%| F|  |TAMS 0x000000076e000000, 0x000000076e000000| Untracked 
| 113|0x000000076e200000, 0x000000076e200000, 0x000000076e400000|  0%| F|  |TAMS 0x000000076e200000, 0x000000076e200000| Untracked 
| 114|0x000000076e400000, 0x000000076e400000, 0x000000076e600000|  0%| F|  |TAMS 0x000000076e400000, 0x000000076e400000| Untracked 
| 115|0x000000076e600000, 0x000000076e600000, 0x000000076e800000|  0%| F|  |TAMS 0x000000076e600000, 0x000000076e600000| Untracked 
| 116|0x000000076e800000, 0x000000076e800000, 0x000000076ea00000|  0%| F|  |TAMS 0x000000076e800000, 0x000000076e800000| Untracked 
| 117|0x000000076ea00000, 0x000000076ea00000, 0x000000076ec00000|  0%| F|  |TAMS 0x000000076ea00000, 0x000000076ea00000| Untracked 
| 118|0x000000076ec00000, 0x000000076ec00000, 0x000000076ee00000|  0%| F|  |TAMS 0x000000076ec00000, 0x000000076ec00000| Untracked 
| 119|0x000000076ee00000, 0x000000076ee9a080, 0x000000076f000000| 30%| S|CS|TAMS 0x000000076ee00000, 0x000000076ee00000| Complete 
| 120|0x000000076f000000, 0x000000076f200000, 0x000000076f200000|100%| S|CS|TAMS 0x000000076f000000, 0x000000076f000000| Complete 
| 121|0x000000076f200000, 0x000000076f400000, 0x000000076f400000|100%| S|CS|TAMS 0x000000076f200000, 0x000000076f200000| Complete 
| 122|0x000000076f400000, 0x000000076f600000, 0x000000076f600000|100%| S|CS|TAMS 0x000000076f400000, 0x000000076f400000| Complete 
| 123|0x000000076f600000, 0x000000076f800000, 0x000000076f800000|100%| S|CS|TAMS 0x000000076f600000, 0x000000076f600000| Complete 
| 124|0x000000076f800000, 0x000000076fa00000, 0x000000076fa00000|100%| S|CS|TAMS 0x000000076f800000, 0x000000076f800000| Complete 
| 125|0x000000076fa00000, 0x000000076fc00000, 0x000000076fc00000|100%| S|CS|TAMS 0x000000076fa00000, 0x000000076fa00000| Complete 
| 126|0x000000076fc00000, 0x000000076fe00000, 0x000000076fe00000|100%| S|CS|TAMS 0x000000076fc00000, 0x000000076fc00000| Complete 
| 127|0x000000076fe00000, 0x0000000770000000, 0x0000000770000000|100%| S|CS|TAMS 0x000000076fe00000, 0x000000076fe00000| Complete 
| 128|0x0000000770000000, 0x0000000770200000, 0x0000000770200000|100%| S|CS|TAMS 0x0000000770000000, 0x0000000770000000| Complete 
| 129|0x0000000770200000, 0x0000000770400000, 0x0000000770400000|100%| S|CS|TAMS 0x0000000770200000, 0x0000000770200000| Complete 
| 130|0x0000000770400000, 0x0000000770400000, 0x0000000770600000|  0%| F|  |TAMS 0x0000000770400000, 0x0000000770400000| Untracked 
| 131|0x0000000770600000, 0x0000000770600000, 0x0000000770800000|  0%| F|  |TAMS 0x0000000770600000, 0x0000000770600000| Untracked 
| 132|0x0000000770800000, 0x0000000770800000, 0x0000000770a00000|  0%| F|  |TAMS 0x0000000770800000, 0x0000000770800000| Untracked 
| 133|0x0000000770a00000, 0x0000000770a00000, 0x0000000770c00000|  0%| F|  |TAMS 0x0000000770a00000, 0x0000000770a00000| Untracked 
| 134|0x0000000770c00000, 0x0000000770c00000, 0x0000000770e00000|  0%| F|  |TAMS 0x0000000770c00000, 0x0000000770c00000| Untracked 
| 135|0x0000000770e00000, 0x0000000770e00000, 0x0000000771000000|  0%| F|  |TAMS 0x0000000770e00000, 0x0000000770e00000| Untracked 
| 136|0x0000000771000000, 0x0000000771000000, 0x0000000771200000|  0%| F|  |TAMS 0x0000000771000000, 0x0000000771000000| Untracked 
| 137|0x0000000771200000, 0x0000000771200000, 0x0000000771400000|  0%| F|  |TAMS 0x0000000771200000, 0x0000000771200000| Untracked 
| 138|0x0000000771400000, 0x0000000771400000, 0x0000000771600000|  0%| F|  |TAMS 0x0000000771400000, 0x0000000771400000| Untracked 
| 139|0x0000000771600000, 0x0000000771600000, 0x0000000771800000|  0%| F|  |TAMS 0x0000000771600000, 0x0000000771600000| Untracked 
| 140|0x0000000771800000, 0x0000000771800000, 0x0000000771a00000|  0%| F|  |TAMS 0x0000000771800000, 0x0000000771800000| Untracked 
| 141|0x0000000771a00000, 0x0000000771a00000, 0x0000000771c00000|  0%| F|  |TAMS 0x0000000771a00000, 0x0000000771a00000| Untracked 
| 142|0x0000000771c00000, 0x0000000771c00000, 0x0000000771e00000|  0%| F|  |TAMS 0x0000000771c00000, 0x0000000771c00000| Untracked 
| 143|0x0000000771e00000, 0x0000000771e00000, 0x0000000772000000|  0%| F|  |TAMS 0x0000000771e00000, 0x0000000771e00000| Untracked 
| 144|0x0000000772000000, 0x0000000772000000, 0x0000000772200000|  0%| F|  |TAMS 0x0000000772000000, 0x0000000772000000| Untracked 
| 145|0x0000000772200000, 0x0000000772200000, 0x0000000772400000|  0%| F|  |TAMS 0x0000000772200000, 0x0000000772200000| Untracked 
| 146|0x0000000772400000, 0x0000000772400000, 0x0000000772600000|  0%| F|  |TAMS 0x0000000772400000, 0x0000000772400000| Untracked 
| 147|0x0000000772600000, 0x0000000772600000, 0x0000000772800000|  0%| F|  |TAMS 0x0000000772600000, 0x0000000772600000| Untracked 
| 148|0x0000000772800000, 0x0000000772800000, 0x0000000772a00000|  0%| F|  |TAMS 0x0000000772800000, 0x0000000772800000| Untracked 
| 149|0x0000000772a00000, 0x0000000772a00000, 0x0000000772c00000|  0%| F|  |TAMS 0x0000000772a00000, 0x0000000772a00000| Untracked 
| 150|0x0000000772c00000, 0x0000000772c00000, 0x0000000772e00000|  0%| F|  |TAMS 0x0000000772c00000, 0x0000000772c00000| Untracked 
| 151|0x0000000772e00000, 0x0000000772e00000, 0x0000000773000000|  0%| F|  |TAMS 0x0000000772e00000, 0x0000000772e00000| Untracked 
| 152|0x0000000773000000, 0x0000000773000000, 0x0000000773200000|  0%| F|  |TAMS 0x0000000773000000, 0x0000000773000000| Untracked 
| 153|0x0000000773200000, 0x0000000773200000, 0x0000000773400000|  0%| F|  |TAMS 0x0000000773200000, 0x0000000773200000| Untracked 
| 154|0x0000000773400000, 0x0000000773400000, 0x0000000773600000|  0%| F|  |TAMS 0x0000000773400000, 0x0000000773400000| Untracked 
| 155|0x0000000773600000, 0x0000000773600000, 0x0000000773800000|  0%| F|  |TAMS 0x0000000773600000, 0x0000000773600000| Untracked 
| 156|0x0000000773800000, 0x0000000773800000, 0x0000000773a00000|  0%| F|  |TAMS 0x0000000773800000, 0x0000000773800000| Untracked 
| 157|0x0000000773a00000, 0x0000000773a00000, 0x0000000773c00000|  0%| F|  |TAMS 0x0000000773a00000, 0x0000000773a00000| Untracked 
| 158|0x0000000773c00000, 0x0000000773c00000, 0x0000000773e00000|  0%| F|  |TAMS 0x0000000773c00000, 0x0000000773c00000| Untracked 
| 159|0x0000000773e00000, 0x0000000773e00000, 0x0000000774000000|  0%| F|  |TAMS 0x0000000773e00000, 0x0000000773e00000| Untracked 
| 160|0x0000000774000000, 0x0000000774000000, 0x0000000774200000|  0%| F|  |TAMS 0x0000000774000000, 0x0000000774000000| Untracked 
| 161|0x0000000774200000, 0x0000000774200000, 0x0000000774400000|  0%| F|  |TAMS 0x0000000774200000, 0x0000000774200000| Untracked 
| 162|0x0000000774400000, 0x0000000774400000, 0x0000000774600000|  0%| F|  |TAMS 0x0000000774400000, 0x0000000774400000| Untracked 
| 163|0x0000000774600000, 0x0000000774600000, 0x0000000774800000|  0%| F|  |TAMS 0x0000000774600000, 0x0000000774600000| Untracked 
| 164|0x0000000774800000, 0x0000000774800000, 0x0000000774a00000|  0%| F|  |TAMS 0x0000000774800000, 0x0000000774800000| Untracked 
| 165|0x0000000774a00000, 0x0000000774a00000, 0x0000000774c00000|  0%| F|  |TAMS 0x0000000774a00000, 0x0000000774a00000| Untracked 
| 166|0x0000000774c00000, 0x0000000774c00000, 0x0000000774e00000|  0%| F|  |TAMS 0x0000000774c00000, 0x0000000774c00000| Untracked 
| 167|0x0000000774e00000, 0x0000000774e00000, 0x0000000775000000|  0%| F|  |TAMS 0x0000000774e00000, 0x0000000774e00000| Untracked 
| 168|0x0000000775000000, 0x0000000775000000, 0x0000000775200000|  0%| F|  |TAMS 0x0000000775000000, 0x0000000775000000| Untracked 
| 169|0x0000000775200000, 0x0000000775200000, 0x0000000775400000|  0%| F|  |TAMS 0x0000000775200000, 0x0000000775200000| Untracked 
| 170|0x0000000775400000, 0x0000000775400000, 0x0000000775600000|  0%| F|  |TAMS 0x0000000775400000, 0x0000000775400000| Untracked 
| 171|0x0000000775600000, 0x0000000775600000, 0x0000000775800000|  0%| F|  |TAMS 0x0000000775600000, 0x0000000775600000| Untracked 
| 172|0x0000000775800000, 0x0000000775800000, 0x0000000775a00000|  0%| F|  |TAMS 0x0000000775800000, 0x0000000775800000| Untracked 
| 173|0x0000000775a00000, 0x0000000775a00000, 0x0000000775c00000|  0%| F|  |TAMS 0x0000000775a00000, 0x0000000775a00000| Untracked 
| 174|0x0000000775c00000, 0x0000000775c00000, 0x0000000775e00000|  0%| F|  |TAMS 0x0000000775c00000, 0x0000000775c00000| Untracked 
| 175|0x0000000775e00000, 0x0000000775e00000, 0x0000000776000000|  0%| F|  |TAMS 0x0000000775e00000, 0x0000000775e00000| Untracked 
| 176|0x0000000776000000, 0x0000000776000000, 0x0000000776200000|  0%| F|  |TAMS 0x0000000776000000, 0x0000000776000000| Untracked 
| 177|0x0000000776200000, 0x0000000776200000, 0x0000000776400000|  0%| F|  |TAMS 0x0000000776200000, 0x0000000776200000| Untracked 
| 178|0x0000000776400000, 0x0000000776400000, 0x0000000776600000|  0%| F|  |TAMS 0x0000000776400000, 0x0000000776400000| Untracked 
| 179|0x0000000776600000, 0x0000000776600000, 0x0000000776800000|  0%| F|  |TAMS 0x0000000776600000, 0x0000000776600000| Untracked 
| 180|0x0000000776800000, 0x0000000776800000, 0x0000000776a00000|  0%| F|  |TAMS 0x0000000776800000, 0x0000000776800000| Untracked 
| 181|0x0000000776a00000, 0x0000000776a00000, 0x0000000776c00000|  0%| F|  |TAMS 0x0000000776a00000, 0x0000000776a00000| Untracked 
| 182|0x0000000776c00000, 0x0000000776c00000, 0x0000000776e00000|  0%| F|  |TAMS 0x0000000776c00000, 0x0000000776c00000| Untracked 
| 183|0x0000000776e00000, 0x0000000776e00000, 0x0000000777000000|  0%| F|  |TAMS 0x0000000776e00000, 0x0000000776e00000| Untracked 
| 184|0x0000000777000000, 0x0000000777000000, 0x0000000777200000|  0%| F|  |TAMS 0x0000000777000000, 0x0000000777000000| Untracked 
| 185|0x0000000777200000, 0x0000000777200000, 0x0000000777400000|  0%| F|  |TAMS 0x0000000777200000, 0x0000000777200000| Untracked 
| 186|0x0000000777400000, 0x0000000777400000, 0x0000000777600000|  0%| F|  |TAMS 0x0000000777400000, 0x0000000777400000| Untracked 
| 187|0x0000000777600000, 0x0000000777600000, 0x0000000777800000|  0%| F|  |TAMS 0x0000000777600000, 0x0000000777600000| Untracked 
| 188|0x0000000777800000, 0x0000000777800000, 0x0000000777a00000|  0%| F|  |TAMS 0x0000000777800000, 0x0000000777800000| Untracked 
| 189|0x0000000777a00000, 0x0000000777a00000, 0x0000000777c00000|  0%| F|  |TAMS 0x0000000777a00000, 0x0000000777a00000| Untracked 
| 190|0x0000000777c00000, 0x0000000777c00000, 0x0000000777e00000|  0%| F|  |TAMS 0x0000000777c00000, 0x0000000777c00000| Untracked 
| 191|0x0000000777e00000, 0x0000000777e00000, 0x0000000778000000|  0%| F|  |TAMS 0x0000000777e00000, 0x0000000777e00000| Untracked 
| 192|0x0000000778000000, 0x0000000778000000, 0x0000000778200000|  0%| F|  |TAMS 0x0000000778000000, 0x0000000778000000| Untracked 
| 193|0x0000000778200000, 0x0000000778200000, 0x0000000778400000|  0%| F|  |TAMS 0x0000000778200000, 0x0000000778200000| Untracked 
| 194|0x0000000778400000, 0x0000000778400000, 0x0000000778600000|  0%| F|  |TAMS 0x0000000778400000, 0x0000000778400000| Untracked 
| 195|0x0000000778600000, 0x0000000778600000, 0x0000000778800000|  0%| F|  |TAMS 0x0000000778600000, 0x0000000778600000| Untracked 
| 196|0x0000000778800000, 0x0000000778800000, 0x0000000778a00000|  0%| F|  |TAMS 0x0000000778800000, 0x0000000778800000| Untracked 
| 197|0x0000000778a00000, 0x0000000778a00000, 0x0000000778c00000|  0%| F|  |TAMS 0x0000000778a00000, 0x0000000778a00000| Untracked 
| 198|0x0000000778c00000, 0x0000000778c00000, 0x0000000778e00000|  0%| F|  |TAMS 0x0000000778c00000, 0x0000000778c00000| Untracked 
| 199|0x0000000778e00000, 0x0000000778e00000, 0x0000000779000000|  0%| F|  |TAMS 0x0000000778e00000, 0x0000000778e00000| Untracked 
| 200|0x0000000779000000, 0x0000000779000000, 0x0000000779200000|  0%| F|  |TAMS 0x0000000779000000, 0x0000000779000000| Untracked 
| 201|0x0000000779200000, 0x0000000779200000, 0x0000000779400000|  0%| F|  |TAMS 0x0000000779200000, 0x0000000779200000| Untracked 
| 202|0x0000000779400000, 0x0000000779400000, 0x0000000779600000|  0%| F|  |TAMS 0x0000000779400000, 0x0000000779400000| Untracked 
| 203|0x0000000779600000, 0x0000000779600000, 0x0000000779800000|  0%| F|  |TAMS 0x0000000779600000, 0x0000000779600000| Untracked 
| 204|0x0000000779800000, 0x000000077990b130, 0x0000000779a00000| 52%| E|  |TAMS 0x0000000779800000, 0x0000000779800000| Complete 
| 205|0x0000000779a00000, 0x0000000779c00000, 0x0000000779c00000|100%| E|CS|TAMS 0x0000000779a00000, 0x0000000779a00000| Complete 
| 206|0x0000000779c00000, 0x0000000779e00000, 0x0000000779e00000|100%| E|CS|TAMS 0x0000000779c00000, 0x0000000779c00000| Complete 
| 207|0x0000000779e00000, 0x000000077a000000, 0x000000077a000000|100%| E|CS|TAMS 0x0000000779e00000, 0x0000000779e00000| Complete 
| 208|0x000000077a000000, 0x000000077a200000, 0x000000077a200000|100%| E|CS|TAMS 0x000000077a000000, 0x000000077a000000| Complete 
| 209|0x000000077a200000, 0x000000077a400000, 0x000000077a400000|100%| E|CS|TAMS 0x000000077a200000, 0x000000077a200000| Complete 
| 210|0x000000077a400000, 0x000000077a600000, 0x000000077a600000|100%| E|CS|TAMS 0x000000077a400000, 0x000000077a400000| Complete 
| 211|0x000000077a600000, 0x000000077a800000, 0x000000077a800000|100%| E|CS|TAMS 0x000000077a600000, 0x000000077a600000| Complete 
| 212|0x000000077a800000, 0x000000077aa00000, 0x000000077aa00000|100%| E|CS|TAMS 0x000000077a800000, 0x000000077a800000| Complete 
| 213|0x000000077aa00000, 0x000000077ac00000, 0x000000077ac00000|100%| E|CS|TAMS 0x000000077aa00000, 0x000000077aa00000| Complete 
| 214|0x000000077ac00000, 0x000000077ae00000, 0x000000077ae00000|100%| E|CS|TAMS 0x000000077ac00000, 0x000000077ac00000| Complete 
| 215|0x000000077ae00000, 0x000000077b000000, 0x000000077b000000|100%| E|CS|TAMS 0x000000077ae00000, 0x000000077ae00000| Complete 
| 216|0x000000077b000000, 0x000000077b200000, 0x000000077b200000|100%| E|CS|TAMS 0x000000077b000000, 0x000000077b000000| Complete 
| 217|0x000000077b200000, 0x000000077b400000, 0x000000077b400000|100%| E|CS|TAMS 0x000000077b200000, 0x000000077b200000| Complete 
| 218|0x000000077b400000, 0x000000077b600000, 0x000000077b600000|100%| E|CS|TAMS 0x000000077b400000, 0x000000077b400000| Complete 
| 219|0x000000077b600000, 0x000000077b800000, 0x000000077b800000|100%| E|CS|TAMS 0x000000077b600000, 0x000000077b600000| Complete 
| 220|0x000000077b800000, 0x000000077ba00000, 0x000000077ba00000|100%| E|CS|TAMS 0x000000077b800000, 0x000000077b800000| Complete 
| 221|0x000000077ba00000, 0x000000077bc00000, 0x000000077bc00000|100%| E|CS|TAMS 0x000000077ba00000, 0x000000077ba00000| Complete 
| 222|0x000000077bc00000, 0x000000077be00000, 0x000000077be00000|100%| E|CS|TAMS 0x000000077bc00000, 0x000000077bc00000| Complete 
| 223|0x000000077be00000, 0x000000077c000000, 0x000000077c000000|100%| E|CS|TAMS 0x000000077be00000, 0x000000077be00000| Complete 
| 224|0x000000077c000000, 0x000000077c200000, 0x000000077c200000|100%| E|CS|TAMS 0x000000077c000000, 0x000000077c000000| Complete 
| 225|0x000000077c200000, 0x000000077c400000, 0x000000077c400000|100%| E|CS|TAMS 0x000000077c200000, 0x000000077c200000| Complete 
| 226|0x000000077c400000, 0x000000077c600000, 0x000000077c600000|100%| E|CS|TAMS 0x000000077c400000, 0x000000077c400000| Complete 
| 227|0x000000077c600000, 0x000000077c800000, 0x000000077c800000|100%| E|CS|TAMS 0x000000077c600000, 0x000000077c600000| Complete 
| 228|0x000000077c800000, 0x000000077ca00000, 0x000000077ca00000|100%| E|CS|TAMS 0x000000077c800000, 0x000000077c800000| Complete 
| 229|0x000000077ca00000, 0x000000077cc00000, 0x000000077cc00000|100%| E|CS|TAMS 0x000000077ca00000, 0x000000077ca00000| Complete 
| 230|0x000000077cc00000, 0x000000077ce00000, 0x000000077ce00000|100%| E|CS|TAMS 0x000000077cc00000, 0x000000077cc00000| Complete 
| 231|0x000000077ce00000, 0x000000077d000000, 0x000000077d000000|100%| E|CS|TAMS 0x000000077ce00000, 0x000000077ce00000| Complete 
| 232|0x000000077d000000, 0x000000077d200000, 0x000000077d200000|100%| E|CS|TAMS 0x000000077d000000, 0x000000077d000000| Complete 
| 233|0x000000077d200000, 0x000000077d400000, 0x000000077d400000|100%| E|CS|TAMS 0x000000077d200000, 0x000000077d200000| Complete 
| 234|0x000000077d400000, 0x000000077d600000, 0x000000077d600000|100%| E|CS|TAMS 0x000000077d400000, 0x000000077d400000| Complete 
| 235|0x000000077d600000, 0x000000077d800000, 0x000000077d800000|100%| E|CS|TAMS 0x000000077d600000, 0x000000077d600000| Complete 
| 236|0x000000077d800000, 0x000000077da00000, 0x000000077da00000|100%| E|CS|TAMS 0x000000077d800000, 0x000000077d800000| Complete 
| 237|0x000000077da00000, 0x000000077dc00000, 0x000000077dc00000|100%| E|CS|TAMS 0x000000077da00000, 0x000000077da00000| Complete 
| 238|0x000000077dc00000, 0x000000077de00000, 0x000000077de00000|100%| E|CS|TAMS 0x000000077dc00000, 0x000000077dc00000| Complete 
| 239|0x000000077de00000, 0x000000077e000000, 0x000000077e000000|100%| E|CS|TAMS 0x000000077de00000, 0x000000077de00000| Complete 
| 240|0x000000077e000000, 0x000000077e200000, 0x000000077e200000|100%| E|CS|TAMS 0x000000077e000000, 0x000000077e000000| Complete 
| 241|0x000000077e200000, 0x000000077e400000, 0x000000077e400000|100%| E|CS|TAMS 0x000000077e200000, 0x000000077e200000| Complete 
| 242|0x000000077e400000, 0x000000077e600000, 0x000000077e600000|100%| E|CS|TAMS 0x000000077e400000, 0x000000077e400000| Complete 
| 250|0x000000077f400000, 0x000000077f600000, 0x000000077f600000|100%| E|CS|TAMS 0x000000077f400000, 0x000000077f400000| Complete 

Card table byte_map: [0x000001a41dd80000,0x000001a41e280000] _byte_map_base: 0x000001a41a280000

Marking Bits (Prev, Next): (CMBitMap*) 0x000001a4237950b0, (CMBitMap*) 0x000001a4237950f0
 Prev Bits: [0x000001a41e780000, 0x000001a420f80000)
 Next Bits: [0x000001a420f80000, 0x000001a423780000)

Polling page: 0x000001a404290000

Metaspace:

Usage:
  Non-class:     87.33 MB used.
      Class:     14.41 MB used.
       Both:    101.74 MB used.

Virtual space:
  Non-class space:      128.00 MB reserved,      87.88 MB ( 69%) committed,  2 nodes.
      Class space:        1.00 GB reserved,      14.88 MB (  1%) committed,  1 nodes.
             Both:        1.12 GB reserved,     102.75 MB (  9%) committed. 

Chunk freelists:
   Non-Class:  8.10 MB
       Class:  1.13 MB
        Both:  9.23 MB

MaxMetaspaceSize: unlimited
CompressedClassSpaceSize: 1.00 GB
Initial GC threshold: 21.00 MB
Current GC threshold: 159.06 MB
CDS: on
MetaspaceReclaimPolicy: balanced
 - commit_granule_bytes: 65536.
 - commit_granule_words: 8192.
 - virtual_space_node_default_size: 8388608.
 - enlarge_chunks_in_place: 1.
 - new_chunks_are_fully_committed: 0.
 - uncommit_free_chunks: 1.
 - use_allocation_guard: 0.
 - handle_deallocations: 1.


Internal statistics:

num_allocs_failed_limit: 9.
num_arena_births: 1622.
num_arena_deaths: 0.
num_vsnodes_births: 3.
num_vsnodes_deaths: 0.
num_space_committed: 1644.
num_space_uncommitted: 0.
num_chunks_returned_to_freelist: 9.
num_chunks_taken_from_freelist: 6293.
num_chunk_merges: 9.
num_chunk_splits: 4042.
num_chunks_enlarged: 2546.
num_inconsistent_stats: 0.

CodeHeap 'non-profiled nmethods': size=119168Kb used=9323Kb max_used=9323Kb free=109844Kb
 bounds [0x000001a415b90000, 0x000001a4164b0000, 0x000001a41cff0000]
CodeHeap 'profiled nmethods': size=119104Kb used=28004Kb max_used=28004Kb free=91099Kb
 bounds [0x000001a40dff0000, 0x000001a40fb50000, 0x000001a415440000]
CodeHeap 'non-nmethods': size=7488Kb used=2870Kb max_used=3493Kb free=4617Kb
 bounds [0x000001a415440000, 0x000001a4157b0000, 0x000001a415b90000]
 total_blobs=14957 nmethods=14116 adapters=750
 compilation: enabled
              stopped_count=0, restarted_count=0
 full_count=0

Compilation events (20 events):
Event: 39.648 Thread 0x000001a42687f510 nmethod 16409 0x000001a40fb3da90 code [0x000001a40fb3dc40, 0x000001a40fb3de98]
Event: 39.650 Thread 0x000001a4735b3b90 16412       3       org.gradle.api.internal.artifacts.configurations.DefaultConfiguration::runActionInHierarchy (118 bytes)
Event: 39.650 Thread 0x000001a4701be050 nmethod 16408 0x000001a4164a6010 code [0x000001a4164a61c0, 0x000001a4164a63a8]
Event: 39.650 Thread 0x000001a4701be050 16364       4       jdk.internal.reflect.ClassFileAssembler::emitConstantPoolClass (23 bytes)
Event: 39.651 Thread 0x000001a4735b3b90 nmethod 16412 0x000001a40fb3df90 code [0x000001a40fb3e2c0, 0x000001a40fb3f918]
Event: 39.652 Thread 0x000001a4735b5620 16413   !   3       jdk.proxy1.$Proxy60::annotationType (29 bytes)
Event: 39.652 Thread 0x000001a4735b5620 nmethod 16413 0x000001a40fb40010 code [0x000001a40fb401e0, 0x000001a40fb405d8]
Event: 39.655 Thread 0x000001a4701be050 nmethod 16364 0x000001a4164a6510 code [0x000001a4164a66e0, 0x000001a4164a6a68]
Event: 39.655 Thread 0x000001a4701be050 16407       4       org.gradle.api.internal.MutationGuards::identity (4 bytes)
Event: 39.655 Thread 0x000001a4701be050 nmethod 16407 0x000001a4164a6e10 code [0x000001a4164a6f80, 0x000001a4164a6fd8]
Event: 39.673 Thread 0x000001a42687f510 16414       1       java.lang.invoke.MethodHandle::isVarargsCollector (2 bytes)
Event: 39.673 Thread 0x000001a42687f510 nmethod 16414 0x000001a4164a7110 code [0x000001a4164a72a0, 0x000001a4164a7378]
Event: 39.673 Thread 0x000001a4735b5620 16415       3       java.util.ArrayList::hashCode (22 bytes)
Event: 39.674 Thread 0x000001a4735b5620 nmethod 16415 0x000001a40fb40790 code [0x000001a40fb40960, 0x000001a40fb40cb8]
Event: 39.676 Thread 0x000001a4701be050 16416 %     4       org.gradle.api.internal.collections.SortedSetElementSource::removeByProvider @ 10 (50 bytes)
Event: 39.687 Thread 0x000001a4701be050 nmethod 16416% 0x000001a4164a7410 code [0x000001a4164a75c0, 0x000001a4164a7c68]
Event: 39.687 Thread 0x000001a4701be050 16417       4       org.gradle.internal.instantiation.generator.AbstractClassGenerator::isPropertyType (33 bytes)
Event: 39.689 Thread 0x000001a4701be050 nmethod 16417 0x000001a4164a7f90 code [0x000001a4164a8120, 0x000001a4164a82b8]
Event: 39.702 Thread 0x000001a4701be050 16418       4       org.gradle.model.internal.asm.MethodVisitorScope::_INVOKESPECIAL (13 bytes)
Event: 40.603 Thread 0x000001a4735b2ba0 16419       3       java.util.HashMap$ValueSpliterator::characteristics (28 bytes)

GC Heap History (20 events):
Event: 31.378 GC heap before
{Heap before GC invocations=32 (full 0):
 garbage-first heap   total 219136K, used 172761K [0x0000000760000000, 0x0000000800000000)
  region size 2048K, 26 young (53248K), 2 survivors (4096K)
 Metaspace       used 92338K, committed 93312K, reserved 1179648K
  class space    used 13008K, committed 13504K, reserved 1048576K
}
Event: 31.382 GC heap after
{Heap after GC invocations=33 (full 0):
 garbage-first heap   total 219136K, used 127189K [0x0000000760000000, 0x0000000800000000)
  region size 2048K, 3 young (6144K), 3 survivors (6144K)
 Metaspace       used 92338K, committed 93312K, reserved 1179648K
  class space    used 13008K, committed 13504K, reserved 1048576K
}
Event: 31.443 GC heap before
{Heap before GC invocations=33 (full 0):
 garbage-first heap   total 219136K, used 131285K [0x0000000760000000, 0x0000000800000000)
  region size 2048K, 5 young (10240K), 3 survivors (6144K)
 Metaspace       used 92587K, committed 93504K, reserved 1179648K
  class space    used 13054K, committed 13504K, reserved 1048576K
}
Event: 31.447 GC heap after
{Heap after GC invocations=34 (full 0):
 garbage-first heap   total 219136K, used 126399K [0x0000000760000000, 0x0000000800000000)
  region size 2048K, 1 young (2048K), 1 survivors (2048K)
 Metaspace       used 92587K, committed 93504K, reserved 1179648K
  class space    used 13054K, committed 13504K, reserved 1048576K
}
Event: 32.037 GC heap before
{Heap before GC invocations=34 (full 0):
 garbage-first heap   total 219136K, used 179647K [0x0000000760000000, 0x0000000800000000)
  region size 2048K, 27 young (55296K), 1 survivors (2048K)
 Metaspace       used 94250K, committed 95168K, reserved 1179648K
  class space    used 13344K, committed 13824K, reserved 1048576K
}
Event: 32.042 GC heap after
{Heap after GC invocations=35 (full 0):
 garbage-first heap   total 219136K, used 130952K [0x0000000760000000, 0x0000000800000000)
  region size 2048K, 3 young (6144K), 3 survivors (6144K)
 Metaspace       used 94250K, committed 95168K, reserved 1179648K
  class space    used 13344K, committed 13824K, reserved 1048576K
}
Event: 34.489 GC heap before
{Heap before GC invocations=36 (full 0):
 garbage-first heap   total 229376K, used 178056K [0x0000000760000000, 0x0000000800000000)
  region size 2048K, 26 young (53248K), 3 survivors (6144K)
 Metaspace       used 95730K, committed 96640K, reserved 1179648K
  class space    used 13544K, committed 14016K, reserved 1048576K
}
Event: 34.494 GC heap after
{Heap after GC invocations=37 (full 0):
 garbage-first heap   total 229376K, used 134760K [0x0000000760000000, 0x0000000800000000)
  region size 2048K, 4 young (8192K), 4 survivors (8192K)
 Metaspace       used 95730K, committed 96640K, reserved 1179648K
  class space    used 13544K, committed 14016K, reserved 1048576K
}
Event: 34.505 GC heap before
{Heap before GC invocations=37 (full 0):
 garbage-first heap   total 229376K, used 136808K [0x0000000760000000, 0x0000000800000000)
  region size 2048K, 5 young (10240K), 4 survivors (8192K)
 Metaspace       used 95730K, committed 96640K, reserved 1179648K
  class space    used 13544K, committed 14016K, reserved 1048576K
}
Event: 34.509 GC heap after
{Heap after GC invocations=38 (full 0):
 garbage-first heap   total 229376K, used 132904K [0x0000000760000000, 0x0000000800000000)
  region size 2048K, 1 young (2048K), 1 survivors (2048K)
 Metaspace       used 95730K, committed 96640K, reserved 1179648K
  class space    used 13544K, committed 14016K, reserved 1048576K
}
Event: 35.247 GC heap before
{Heap before GC invocations=38 (full 0):
 garbage-first heap   total 229376K, used 184104K [0x0000000760000000, 0x0000000800000000)
  region size 2048K, 26 young (53248K), 1 survivors (2048K)
 Metaspace       used 96467K, committed 97408K, reserved 1179648K
  class space    used 13643K, committed 14144K, reserved 1048576K
}
Event: 35.253 GC heap after
{Heap after GC invocations=39 (full 0):
 garbage-first heap   total 229376K, used 141545K [0x0000000760000000, 0x0000000800000000)
  region size 2048K, 4 young (8192K), 4 survivors (8192K)
 Metaspace       used 96467K, committed 97408K, reserved 1179648K
  class space    used 13643K, committed 14144K, reserved 1048576K
}
Event: 35.738 GC heap before
{Heap before GC invocations=40 (full 0):
 garbage-first heap   total 249856K, used 182505K [0x0000000760000000, 0x0000000800000000)
  region size 2048K, 24 young (49152K), 4 survivors (8192K)
 Metaspace       used 97704K, committed 98752K, reserved 1179648K
  class space    used 13887K, committed 14400K, reserved 1048576K
}
Event: 35.746 GC heap after
{Heap after GC invocations=41 (full 0):
 garbage-first heap   total 249856K, used 149677K [0x0000000760000000, 0x0000000800000000)
  region size 2048K, 3 young (6144K), 3 survivors (6144K)
 Metaspace       used 97704K, committed 98752K, reserved 1179648K
  class space    used 13887K, committed 14400K, reserved 1048576K
}
Event: 35.834 GC heap before
{Heap before GC invocations=41 (full 0):
 garbage-first heap   total 249856K, used 155821K [0x0000000760000000, 0x0000000800000000)
  region size 2048K, 6 young (12288K), 3 survivors (6144K)
 Metaspace       used 98093K, committed 99136K, reserved 1179648K
  class space    used 13944K, committed 14464K, reserved 1048576K
}
Event: 35.839 GC heap after
{Heap after GC invocations=42 (full 0):
 garbage-first heap   total 249856K, used 149465K [0x0000000760000000, 0x0000000800000000)
  region size 2048K, 1 young (2048K), 1 survivors (2048K)
 Metaspace       used 98093K, committed 99136K, reserved 1179648K
  class space    used 13944K, committed 14464K, reserved 1048576K
}
Event: 36.726 GC heap before
{Heap before GC invocations=42 (full 0):
 garbage-first heap   total 249856K, used 198617K [0x0000000760000000, 0x0000000800000000)
  region size 2048K, 25 young (51200K), 1 survivors (2048K)
 Metaspace       used 101994K, committed 102912K, reserved 1179648K
  class space    used 14492K, committed 14912K, reserved 1048576K
}
Event: 36.731 GC heap after
{Heap after GC invocations=43 (full 0):
 garbage-first heap   total 499712K, used 151484K [0x0000000760000000, 0x0000000800000000)
  region size 2048K, 2 young (4096K), 2 survivors (4096K)
 Metaspace       used 101994K, committed 102912K, reserved 1179648K
  class space    used 14492K, committed 14912K, reserved 1048576K
}
Event: 38.778 GC heap before
{Heap before GC invocations=43 (full 0):
 garbage-first heap   total 499712K, used 384956K [0x0000000760000000, 0x0000000800000000)
  region size 2048K, 116 young (237568K), 2 survivors (4096K)
 Metaspace       used 103040K, committed 104000K, reserved 1179648K
  class space    used 14584K, committed 15040K, reserved 1048576K
}
Event: 38.790 GC heap after
{Heap after GC invocations=44 (full 0):
 garbage-first heap   total 499712K, used 169338K [0x0000000760000000, 0x0000000800000000)
  region size 2048K, 11 young (22528K), 11 survivors (22528K)
 Metaspace       used 103040K, committed 104000K, reserved 1179648K
  class space    used 14584K, committed 15040K, reserved 1048576K
}

Dll operation events (15 events):
Event: 0.016 Loaded shared library C:\Program Files\Microsoft\jdk-17.0.18.8-hotspot\bin\java.dll
Event: 0.042 Loaded shared library C:\Program Files\Microsoft\jdk-17.0.18.8-hotspot\bin\jsvml.dll
Event: 0.112 Loaded shared library C:\Program Files\Microsoft\jdk-17.0.18.8-hotspot\bin\zip.dll
Event: 0.116 Loaded shared library C:\Program Files\Microsoft\jdk-17.0.18.8-hotspot\bin\instrument.dll
Event: 0.123 Loaded shared library C:\Program Files\Microsoft\jdk-17.0.18.8-hotspot\bin\net.dll
Event: 0.127 Loaded shared library C:\Program Files\Microsoft\jdk-17.0.18.8-hotspot\bin\nio.dll
Event: 0.130 Loaded shared library C:\Program Files\Microsoft\jdk-17.0.18.8-hotspot\bin\zip.dll
Event: 0.476 Loaded shared library C:\Program Files\Microsoft\jdk-17.0.18.8-hotspot\bin\jimage.dll
Event: 0.836 Loaded shared library C:\Program Files\Microsoft\jdk-17.0.18.8-hotspot\bin\verify.dll
Event: 1.121 Loaded shared library E:\DevCaches\gradle\native\c067742578af261105cb4f569cf0c3c89f3d7b1fecec35dd04571415982c5e48\windows-amd64\native-platform.dll
Event: 1.130 Loaded shared library E:\DevCaches\gradle\native\100fb08df4bc3b14c8652ba06237920a3bd2aa13389f12d3474272988ae205f9\windows-amd64\native-platform-file-events.dll
Event: 2.538 Loaded shared library C:\Program Files\Microsoft\jdk-17.0.18.8-hotspot\bin\management.dll
Event: 2.546 Loaded shared library C:\Program Files\Microsoft\jdk-17.0.18.8-hotspot\bin\management_ext.dll
Event: 2.894 Loaded shared library C:\Program Files\Microsoft\jdk-17.0.18.8-hotspot\bin\extnet.dll
Event: 3.679 Loaded shared library C:\Program Files\Microsoft\jdk-17.0.18.8-hotspot\bin\sunmscapi.dll

Deoptimization events (20 events):
Event: 39.616 Thread 0x000001a46e3ccd10 Uncommon trap: trap_request=0xffffffde fr.pc=0x000001a415be1bb4 relative=0x0000000000000714
Event: 39.616 Thread 0x000001a46e3ccd10 Uncommon trap: reason=class_check action=maybe_recompile pc=0x000001a415be1bb4 method=kotlin.text.StringsKt__StringsKt.indexOf(Ljava/lang/CharSequence;Ljava/lang/String;IZ)I @ 18 c2
Event: 39.616 Thread 0x000001a46e3ccd10 DEOPT PACKING pc=0x000001a415be1bb4 sp=0x0000009c497fa2b0
Event: 39.616 Thread 0x000001a46e3ccd10 DEOPT UNPACKING pc=0x000001a4154969a3 sp=0x0000009c497fa240 mode 2
Event: 39.619 Thread 0x000001a46e3ccd10 Uncommon trap: trap_request=0xffffffde fr.pc=0x000001a415be1bb4 relative=0x0000000000000714
Event: 39.619 Thread 0x000001a46e3ccd10 Uncommon trap: reason=class_check action=maybe_recompile pc=0x000001a415be1bb4 method=kotlin.text.StringsKt__StringsKt.indexOf(Ljava/lang/CharSequence;Ljava/lang/String;IZ)I @ 18 c2
Event: 39.619 Thread 0x000001a46e3ccd10 DEOPT PACKING pc=0x000001a415be1bb4 sp=0x0000009c497fa2a0
Event: 39.619 Thread 0x000001a46e3ccd10 DEOPT UNPACKING pc=0x000001a4154969a3 sp=0x0000009c497fa230 mode 2
Event: 39.619 Thread 0x000001a46e3ccd10 Uncommon trap: trap_request=0xffffffde fr.pc=0x000001a415be1bb4 relative=0x0000000000000714
Event: 39.619 Thread 0x000001a46e3ccd10 Uncommon trap: reason=class_check action=maybe_recompile pc=0x000001a415be1bb4 method=kotlin.text.StringsKt__StringsKt.indexOf(Ljava/lang/CharSequence;Ljava/lang/String;IZ)I @ 18 c2
Event: 39.619 Thread 0x000001a46e3ccd10 DEOPT PACKING pc=0x000001a415be1bb4 sp=0x0000009c497fa2a0
Event: 39.619 Thread 0x000001a46e3ccd10 DEOPT UNPACKING pc=0x000001a4154969a3 sp=0x0000009c497fa230 mode 2
Event: 39.619 Thread 0x000001a46e3ccd10 Uncommon trap: trap_request=0xffffffde fr.pc=0x000001a415be1bb4 relative=0x0000000000000714
Event: 39.619 Thread 0x000001a46e3ccd10 Uncommon trap: reason=class_check action=maybe_recompile pc=0x000001a415be1bb4 method=kotlin.text.StringsKt__StringsKt.indexOf(Ljava/lang/CharSequence;Ljava/lang/String;IZ)I @ 18 c2
Event: 39.619 Thread 0x000001a46e3ccd10 DEOPT PACKING pc=0x000001a415be1bb4 sp=0x0000009c497fa2a0
Event: 39.619 Thread 0x000001a46e3ccd10 DEOPT UNPACKING pc=0x000001a4154969a3 sp=0x0000009c497fa230 mode 2
Event: 39.651 Thread 0x000001a46e3ccd10 Uncommon trap: trap_request=0xfffffff4 fr.pc=0x000001a4164a1888 relative=0x0000000000000168
Event: 39.651 Thread 0x000001a46e3ccd10 Uncommon trap: reason=null_check action=make_not_entrant pc=0x000001a4164a1888 method=org.gradle.internal.instantiation.generator.AbstractClassGenerator.isPropertyType(Ljava/lang/Class;)Z @ 21 c2
Event: 39.651 Thread 0x000001a46e3ccd10 DEOPT PACKING pc=0x000001a4164a1888 sp=0x0000009c497fa950
Event: 39.651 Thread 0x000001a46e3ccd10 DEOPT UNPACKING pc=0x000001a4154969a3 sp=0x0000009c497fa8f0 mode 2

Classes loaded (20 events):
Event: 36.521 Loading class com/sun/org/apache/xerces/internal/impl/Constants$ArrayEnumeration
Event: 36.521 Loading class com/sun/org/apache/xerces/internal/impl/Constants$ArrayEnumeration done
Event: 36.522 Loading class org/xml/sax/helpers/AttributesImpl
Event: 36.523 Loading class org/xml/sax/helpers/AttributesImpl done
Event: 36.524 Loading class java/util/regex/Pattern$Behind
Event: 36.524 Loading class java/util/regex/Pattern$Behind done
Event: 36.524 Loading class java/util/regex/Pattern$Neg
Event: 36.524 Loading class java/util/regex/Pattern$Neg done
Event: 36.535 Loading class javax/xml/datatype/DatatypeConfigurationException
Event: 36.535 Loading class javax/xml/datatype/DatatypeConfigurationException done
Event: 36.537 Loading class jdk/internal/reflect/UnsafeBooleanFieldAccessorImpl
Event: 36.537 Loading class jdk/internal/reflect/UnsafeBooleanFieldAccessorImpl done
Event: 36.538 Loading class jdk/internal/reflect/UnsafeIntegerFieldAccessorImpl
Event: 36.538 Loading class jdk/internal/reflect/UnsafeIntegerFieldAccessorImpl done
Event: 36.540 Loading class com/sun/org/apache/xerces/internal/impl/io/MalformedByteSequenceException
Event: 36.540 Loading class java/io/CharConversionException
Event: 36.540 Loading class java/io/CharConversionException done
Event: 36.540 Loading class com/sun/org/apache/xerces/internal/impl/io/MalformedByteSequenceException done
Event: 39.581 Loading class java/util/TreeMap$ValueSpliterator
Event: 39.581 Loading class java/util/TreeMap$ValueSpliterator done

Classes unloaded (0 events):
No events

Classes redefined (0 events):
No events

Internal exceptions (20 events):
Event: 32.184 Thread 0x000001a46e3ccd10 Exception <a 'java/lang/ClassNotFoundException'{0x000000076d8eee00}: com/android/build/gradle/internal/api/LibraryVariantOutputImplCustomizer> (0x000000076d8eee00) 
thrown [s\src\hotspot\share\classfile\systemDictionary.cpp, line 256]
Event: 32.186 Thread 0x000001a46e3ccd10 Exception <a 'java/lang/ClassNotFoundException'{0x000000076d905138}: com/android/build/gradle/internal/api/LibraryVariantOutputImpl_DecoratedCustomizer> (0x000000076d905138) 
thrown [s\src\hotspot\share\classfile\systemDictionary.cpp, line 256]
Event: 34.151 Thread 0x000001a46e3ccd10 Implicit null exception at 0x000001a4160d891c to 0x000001a4160dbe18
Event: 34.388 Thread 0x000001a46e3ccd10 Exception <a 'java/lang/ClassNotFoundException'{0x000000076bf11d48}: androidx/baselineprofile/gradle/consumer/BaselineProfileVariantConfigurationImpl_DecoratedBeanInfo> (0x000000076bf11d48) 
thrown [s\src\hotspot\share\classfile\systemDictionary.cpp, line 256]
Event: 34.389 Thread 0x000001a46e3ccd10 Exception <a 'java/lang/ClassNotFoundException'{0x000000076bf21cb8}: androidx/baselineprofile/gradle/consumer/BaselineProfileVariantConfigurationImplBeanInfo> (0x000000076bf21cb8) 
thrown [s\src\hotspot\share\classfile\systemDictionary.cpp, line 256]
Event: 34.390 Thread 0x000001a46e3ccd10 Exception <a 'java/lang/ClassNotFoundException'{0x000000076bf31c40}: androidx/baselineprofile/gradle/consumer/BaselineProfileVariantConfigurationImplCustomizer> (0x000000076bf31c40) 
thrown [s\src\hotspot\share\classfile\systemDictionary.cpp, line 256]
Event: 34.392 Thread 0x000001a46e3ccd10 Exception <a 'java/lang/ClassNotFoundException'{0x000000076bf4a698}: androidx/baselineprofile/gradle/consumer/BaselineProfileVariantConfigurationImpl_DecoratedCustomizer> (0x000000076bf4a698) 
thrown [s\src\hotspot\share\classfile\systemDictionary.cpp, line 256]
Event: 34.832 Thread 0x000001a46e3ccd10 Implicit null exception at 0x000001a41631214a to 0x000001a4163131a4
Event: 34.857 Thread 0x000001a46e3ccd10 Implicit null exception at 0x000001a41634beb0 to 0x000001a41634bf78
Event: 35.768 Thread 0x000001a46e3ccd10 Implicit null exception at 0x000001a41634ce8a to 0x000001a41634cf6e
Event: 35.864 Thread 0x000001a46e3ccd10 Exception <a 'sun/nio/fs/WindowsException'{0x000000077f57f6b0}> (0x000000077f57f6b0) 
thrown [s\src\hotspot\share\prims\jni.cpp, line 516]
Event: 35.864 Thread 0x000001a46e3ccd10 Exception <a 'sun/nio/fs/WindowsException'{0x000000077f580f38}> (0x000000077f580f38) 
thrown [s\src\hotspot\share\prims\jni.cpp, line 516]
Event: 35.865 Thread 0x000001a46e3ccd10 Exception <a 'sun/nio/fs/WindowsException'{0x000000077f582810}> (0x000000077f582810) 
thrown [s\src\hotspot\share\prims\jni.cpp, line 516]
Event: 35.865 Thread 0x000001a46e3ccd10 Exception <a 'sun/nio/fs/WindowsException'{0x000000077f5840e8}> (0x000000077f5840e8) 
thrown [s\src\hotspot\share\prims\jni.cpp, line 516]
Event: 36.040 Thread 0x000001a46e3ccd10 Exception <a 'java/lang/NullPointerException'{0x000000076e5da8f0}> (0x000000076e5da8f0) 
thrown [s\src\hotspot\share\interpreter\linkResolver.cpp, line 1433]
Event: 36.196 Thread 0x000001a46e3ccd10 Implicit null exception at 0x000001a415d0c0d1 to 0x000001a415d0d71c
Event: 36.731 Thread 0x000001a423963470 Implicit null exception at 0x000001a41617fefd to 0x000001a41618053c
Event: 38.212 Thread 0x000001a46e3ccd10 Implicit null exception at 0x000001a415daa65f to 0x000001a415daa718
Event: 39.583 Thread 0x000001a46e3ccd10 Exception <a 'java/lang/NoSuchMethodError'{0x000000077a5e58a0}: 'java.lang.Object java.lang.invoke.DirectMethodHandle$Holder.invokeStatic(java.lang.Object, int, java.lang.Object)'> (0x000000077a5e58a0) 
thrown [s\src\hotspot\share\interpreter\linkResolver.cpp, line 759]
Event: 39.651 Thread 0x000001a46e3ccd10 Implicit null exception at 0x000001a4164a17c3 to 0x000001a4164a187b

VM Operations (20 events):
Event: 36.546 Executing VM operation: HandshakeAllThreads
Event: 36.546 Executing VM operation: HandshakeAllThreads done
Event: 36.726 Executing VM operation: G1CollectForAllocation
Event: 36.731 Executing VM operation: G1CollectForAllocation done
Event: 37.113 Executing VM operation: HandshakeAllThreads
Event: 37.113 Executing VM operation: HandshakeAllThreads done
Event: 37.999 Executing VM operation: ICBufferFull
Event: 37.999 Executing VM operation: ICBufferFull done
Event: 38.230 Executing VM operation: ICBufferFull
Event: 38.230 Executing VM operation: ICBufferFull done
Event: 38.690 Executing VM operation: ICBufferFull
Event: 38.690 Executing VM operation: ICBufferFull done
Event: 38.778 Executing VM operation: G1CollectForAllocation
Event: 38.790 Executing VM operation: G1CollectForAllocation done
Event: 39.436 Executing VM operation: ICBufferFull
Event: 39.436 Executing VM operation: ICBufferFull done
Event: 39.670 Executing VM operation: ICBufferFull
Event: 39.670 Executing VM operation: ICBufferFull done
Event: 40.681 Executing VM operation: Cleanup
Event: 40.681 Executing VM operation: Cleanup done

Memory protections (0 events):
No events

Nmethod flushes (20 events):
Event: 36.116 Thread 0x000001a426880030 flushing  nmethod 0x000001a40f591410
Event: 36.116 Thread 0x000001a426880030 flushing  nmethod 0x000001a40f5dcd10
Event: 36.116 Thread 0x000001a426880030 flushing  nmethod 0x000001a40f5ef890
Event: 36.117 Thread 0x000001a426880030 flushing  nmethod 0x000001a40f5fcf10
Event: 36.117 Thread 0x000001a426880030 flushing  nmethod 0x000001a40f5fd590
Event: 36.117 Thread 0x000001a426880030 flushing  nmethod 0x000001a40f657b10
Event: 36.117 Thread 0x000001a426880030 flushing  nmethod 0x000001a40f68f090
Event: 36.117 Thread 0x000001a426880030 flushing  nmethod 0x000001a40f69ed90
Event: 36.117 Thread 0x000001a426880030 flushing  nmethod 0x000001a40f6b4a90
Event: 36.117 Thread 0x000001a426880030 flushing  nmethod 0x000001a40f6bae90
Event: 36.117 Thread 0x000001a426880030 flushing  nmethod 0x000001a40f6cb790
Event: 36.117 Thread 0x000001a426880030 flushing  nmethod 0x000001a40f6dd690
Event: 36.117 Thread 0x000001a426880030 flushing  nmethod 0x000001a40f6df410
Event: 36.118 Thread 0x000001a426880030 flushing  nmethod 0x000001a40f79f510
Event: 36.118 Thread 0x000001a426880030 flushing  nmethod 0x000001a40f7d9d10
Event: 36.118 Thread 0x000001a426880030 flushing  nmethod 0x000001a40f7db910
Event: 36.118 Thread 0x000001a426880030 flushing  nmethod 0x000001a40f7fa710
Event: 36.118 Thread 0x000001a426880030 flushing  nmethod 0x000001a40f82fe90
Event: 36.118 Thread 0x000001a426880030 flushing  nmethod 0x000001a40f874990
Event: 36.118 Thread 0x000001a426880030 flushing  nmethod 0x000001a40f887f90

Events (20 events):
Event: 32.603 Thread 0x000001a4735b1660 Thread exited: 0x000001a4735b1660
Event: 32.603 Thread 0x000001a4735adbf0 Thread exited: 0x000001a4735adbf0
Event: 32.603 Thread 0x000001a4735b2ba0 Thread exited: 0x000001a4735b2ba0
Event: 33.307 Thread 0x000001a46cf49d90 Thread exited: 0x000001a46cf49d90
Event: 34.120 Thread 0x000001a4702798e0 Thread exited: 0x000001a4702798e0
Event: 34.129 Thread 0x000001a4268d1550 Thread exited: 0x000001a4268d1550
Event: 34.170 Thread 0x000001a4268755d0 Thread added: 0x000001a4735b1660
Event: 34.170 Thread 0x000001a4268755d0 Thread added: 0x000001a4735adbf0
Event: 34.430 Thread 0x000001a42687f510 Thread added: 0x000001a4735b5620
Event: 34.431 Thread 0x000001a42687f510 Thread added: 0x000001a4735b2ba0
Event: 34.431 Thread 0x000001a42687f510 Thread added: 0x000001a4735b3b90
Event: 35.864 Thread 0x000001a4735adbf0 Thread exited: 0x000001a4735adbf0
Event: 36.537 Thread 0x000001a4735b3b90 Thread added: 0x000001a4735adbf0
Event: 36.537 Thread 0x000001a4735b3b90 Thread added: 0x000001a4735b40e0
Event: 37.468 Thread 0x000001a4735b40e0 Thread exited: 0x000001a4735b40e0
Event: 37.468 Thread 0x000001a4735adbf0 Thread exited: 0x000001a4735adbf0
Event: 37.468 Thread 0x000001a4735b1660 Thread exited: 0x000001a4735b1660
Event: 37.929 Thread 0x000001a4735b2ba0 Thread added: 0x000001a4701bd5b0
Event: 38.000 Thread 0x000001a4701bd5b0 Thread added: 0x000001a4701be050
Event: 40.604 Thread 0x000001a4735b3b90 Thread exited: 0x000001a4735b3b90


Dynamic libraries:
0x00007ff726b40000 - 0x00007ff726b4e000 	C:\Program Files\Microsoft\jdk-17.0.18.8-hotspot\bin\java.exe
0x00007fff9cd60000 - 0x00007fff9cfc8000 	C:\WINDOWS\SYSTEM32\ntdll.dll
0x00007fff9c550000 - 0x00007fff9c619000 	C:\WINDOWS\System32\KERNEL32.DLL
0x00007fff9a650000 - 0x00007fff9aa42000 	C:\WINDOWS\System32\KERNELBASE.dll
0x00007fff9a500000 - 0x00007fff9a64b000 	C:\WINDOWS\System32\ucrtbase.dll
0x00007fff84280000 - 0x00007fff8429e000 	C:\Program Files\Microsoft\jdk-17.0.18.8-hotspot\bin\VCRUNTIME140.dll
0x00007fff84040000 - 0x00007fff84058000 	C:\Program Files\Microsoft\jdk-17.0.18.8-hotspot\bin\jli.dll
0x00007fff9af40000 - 0x00007fff9b105000 	C:\WINDOWS\System32\USER32.dll
0x00007fff9a220000 - 0x00007fff9a247000 	C:\WINDOWS\System32\win32u.dll
0x00007fff9c420000 - 0x00007fff9c44b000 	C:\WINDOWS\System32\GDI32.dll
0x00007fff8a3e0000 - 0x00007fff8a673000 	C:\WINDOWS\WinSxS\amd64_microsoft.windows.common-controls_6595b64144ccf1df_6.0.26100.6899_none_3e0efeeae32e88c1\COMCTL32.dll
0x00007fff99ec0000 - 0x00007fff99fed000 	C:\WINDOWS\System32\gdi32full.dll
0x00007fff9b270000 - 0x00007fff9b319000 	C:\WINDOWS\System32\msvcrt.dll
0x00007fff9aa50000 - 0x00007fff9aaf3000 	C:\WINDOWS\System32\msvcp_win.dll
0x00007fff9b230000 - 0x00007fff9b25f000 	C:\WINDOWS\System32\IMM32.DLL
0x00000000720c0000 - 0x00000000720cd000 	C:\Program Files (x86)\360\Total Security\safemon\SafeWrapper.dll
0x00007fff9cc30000 - 0x00007fff9cce4000 	C:\WINDOWS\System32\ADVAPI32.dll
0x00007fff9ae90000 - 0x00007fff9af36000 	C:\WINDOWS\System32\sechost.dll
0x00007fff9b6a0000 - 0x00007fff9b7b8000 	C:\WINDOWS\System32\RPCRT4.dll
0x00007fff94060000 - 0x00007fff94165000 	C:\Program Files (x86)\360\Total Security\safemon\libzdtp64.dll
0x00007fff9bc50000 - 0x00007fff9c39d000 	C:\WINDOWS\System32\SHELL32.dll
0x00007fff99ff0000 - 0x00007fff9a15b000 	C:\WINDOWS\System32\wintypes.dll
0x00007fff9c620000 - 0x00007fff9c99b000 	C:\WINDOWS\System32\combase.dll
0x00007fff9ae20000 - 0x00007fff9ae82000 	C:\WINDOWS\System32\SHLWAPI.dll
0x00007fff997f0000 - 0x00007fff997fb000 	C:\WINDOWS\SYSTEM32\VERSION.dll
0x00007fff816f0000 - 0x00007fff816fc000 	C:\Program Files\Microsoft\jdk-17.0.18.8-hotspot\bin\vcruntime140_1.dll
0x00007fff809c0000 - 0x00007fff80a49000 	C:\Program Files\Microsoft\jdk-17.0.18.8-hotspot\bin\msvcp140.dll
0x00007ffef88e0000 - 0x00007ffef955a000 	C:\Program Files\Microsoft\jdk-17.0.18.8-hotspot\bin\server\jvm.dll
0x00007fff9c3a0000 - 0x00007fff9c414000 	C:\WINDOWS\System32\WS2_32.dll
0x00007fff99d20000 - 0x00007fff99d7e000 	C:\WINDOWS\SYSTEM32\POWRPROF.dll
0x00007fff925e0000 - 0x00007fff92615000 	C:\WINDOWS\SYSTEM32\WINMM.dll
0x00007fff99d00000 - 0x00007fff99d14000 	C:\WINDOWS\SYSTEM32\UMPDC.dll
0x00007fff98be0000 - 0x00007fff98bfb000 	C:\WINDOWS\SYSTEM32\kernel.appcore.dll
0x00007fff816e0000 - 0x00007fff816ea000 	C:\Program Files\Microsoft\jdk-17.0.18.8-hotspot\bin\jimage.dll
0x00007fff90780000 - 0x00007fff909c2000 	C:\WINDOWS\SYSTEM32\DBGHELP.DLL
0x00007fff9b150000 - 0x00007fff9b227000 	C:\WINDOWS\System32\OLEAUT32.dll
0x00007fff82a90000 - 0x00007fff82acc000 	C:\WINDOWS\SYSTEM32\dbgcore.DLL
0x00007fff9a460000 - 0x00007fff9a4f8000 	C:\WINDOWS\System32\bcryptPrimitives.dll
0x00007fff80d90000 - 0x00007fff80d9f000 	C:\Program Files\Microsoft\jdk-17.0.18.8-hotspot\bin\instrument.dll
0x00007fff816b0000 - 0x00007fff816d6000 	C:\Program Files\Microsoft\jdk-17.0.18.8-hotspot\bin\java.dll
0x00007fff808e0000 - 0x00007fff809b6000 	C:\Program Files\Microsoft\jdk-17.0.18.8-hotspot\bin\jsvml.dll
0x00007fff97a80000 - 0x00007fff982dd000 	C:\WINDOWS\SYSTEM32\windows.storage.dll
0x00007fff9c450000 - 0x00007fff9c542000 	C:\WINDOWS\System32\SHCORE.dll
0x00007fff99de0000 - 0x00007fff99e09000 	C:\WINDOWS\SYSTEM32\profapi.dll
0x00007fff80fc0000 - 0x00007fff80fd8000 	C:\Program Files\Microsoft\jdk-17.0.18.8-hotspot\bin\zip.dll
0x00007fff81600000 - 0x00007fff8161b000 	C:\Program Files\Microsoft\jdk-17.0.18.8-hotspot\bin\net.dll
0x00007fff924b0000 - 0x00007fff925cf000 	C:\WINDOWS\SYSTEM32\WINHTTP.dll
0x00007fff99130000 - 0x00007fff9919b000 	C:\WINDOWS\system32\mswsock.dll
0x00007fff815e0000 - 0x00007fff815f6000 	C:\Program Files\Microsoft\jdk-17.0.18.8-hotspot\bin\nio.dll
0x00007fff816a0000 - 0x00007fff816b0000 	C:\Program Files\Microsoft\jdk-17.0.18.8-hotspot\bin\verify.dll
0x00007fff54490000 - 0x00007fff544b7000 	E:\DevCaches\gradle\native\c067742578af261105cb4f569cf0c3c89f3d7b1fecec35dd04571415982c5e48\windows-amd64\native-platform.dll
0x00007fff47cc0000 - 0x00007fff47e04000 	E:\DevCaches\gradle\native\100fb08df4bc3b14c8652ba06237920a3bd2aa13389f12d3474272988ae205f9\windows-amd64\native-platform-file-events.dll
0x00007fff80e60000 - 0x00007fff80e6a000 	C:\Program Files\Microsoft\jdk-17.0.18.8-hotspot\bin\management.dll
0x00007fff80db0000 - 0x00007fff80dbc000 	C:\Program Files\Microsoft\jdk-17.0.18.8-hotspot\bin\management_ext.dll
0x00007fff9b110000 - 0x00007fff9b118000 	C:\WINDOWS\System32\PSAPI.DLL
0x00007fff99510000 - 0x00007fff9952b000 	C:\WINDOWS\SYSTEM32\CRYPTSP.dll
0x00007fff98b40000 - 0x00007fff98b7b000 	C:\WINDOWS\system32\rsaenh.dll
0x00007fff991d0000 - 0x00007fff991fb000 	C:\WINDOWS\SYSTEM32\USERENV.dll
0x00007fff99db0000 - 0x00007fff99dd6000 	C:\WINDOWS\SYSTEM32\bcrypt.dll
0x00007fff99370000 - 0x00007fff9937c000 	C:\WINDOWS\SYSTEM32\CRYPTBASE.dll
0x00007fff985e0000 - 0x00007fff98614000 	C:\WINDOWS\SYSTEM32\IPHLPAPI.DLL
0x00007fff9ae10000 - 0x00007fff9ae1a000 	C:\WINDOWS\System32\NSI.dll
0x00007fff92440000 - 0x00007fff9245e000 	C:\WINDOWS\SYSTEM32\dhcpcsvc6.DLL
0x00007fff90b10000 - 0x00007fff90b33000 	C:\WINDOWS\SYSTEM32\dhcpcsvc.DLL
0x00007fff98670000 - 0x00007fff98796000 	C:\WINDOWS\SYSTEM32\DNSAPI.dll
0x00007fff80da0000 - 0x00007fff80da9000 	C:\Program Files\Microsoft\jdk-17.0.18.8-hotspot\bin\extnet.dll
0x00007fff80d80000 - 0x00007fff80d8e000 	C:\Program Files\Microsoft\jdk-17.0.18.8-hotspot\bin\sunmscapi.dll
0x00007fff9a250000 - 0x00007fff9a3c7000 	C:\WINDOWS\System32\CRYPT32.dll
0x00007fff99660000 - 0x00007fff99690000 	C:\WINDOWS\SYSTEM32\ncrypt.dll
0x00007fff99610000 - 0x00007fff9964f000 	C:\WINDOWS\SYSTEM32\NTASN1.dll
0x00007fff1a370000 - 0x00007fff1a378000 	C:\WINDOWS\system32\wshunix.dll
0x00007fff712c0000 - 0x00007fff712d8000 	C:\WINDOWS\system32\napinsp.dll
0x00007fff712a0000 - 0x00007fff712b2000 	C:\WINDOWS\System32\winrnr.dll
0x00007fff71270000 - 0x00007fff71298000 	C:\WINDOWS\system32\nlansp_c.dll
0x00007fff92640000 - 0x00007fff92656000 	C:\WINDOWS\system32\wshbth.dll
0x0000000070c90000 - 0x0000000070cb6000 	C:\Program Files\Bonjour\mdnsNSP.dll
0x00007fff8f860000 - 0x00007fff8f86b000 	C:\Windows\System32\rasadhlp.dll
0x00007fff903b0000 - 0x00007fff90436000 	C:\WINDOWS\System32\fwpuclnt.dll

dbghelp: loaded successfully - version: 4.0.5 - missing functions: none
symbol engine: initialized successfully - sym options: 0x614 - pdb path: .;C:\Program Files\Microsoft\jdk-17.0.18.8-hotspot\bin;C:\WINDOWS\SYSTEM32;C:\WINDOWS\WinSxS\amd64_microsoft.windows.common-controls_6595b64144ccf1df_6.0.26100.6899_none_3e0efeeae32e88c1;C:\Program Files (x86)\360\Total Security\safemon;C:\Program Files\Microsoft\jdk-17.0.18.8-hotspot\bin\server;E:\DevCaches\gradle\native\c067742578af261105cb4f569cf0c3c89f3d7b1fecec35dd04571415982c5e48\windows-amd64;E:\DevCaches\gradle\native\100fb08df4bc3b14c8652ba06237920a3bd2aa13389f12d3474272988ae205f9\windows-amd64;C:\Program Files\Bonjour

VM Arguments:
jvm_args: -XX:+HeapDumpOnOutOfMemoryError --add-opens=java.base/java.util=ALL-UNNAMED --add-opens=java.base/java.lang=ALL-UNNAMED --add-opens=java.base/java.lang.invoke=ALL-UNNAMED --add-opens=java.prefs/java.util.prefs=ALL-UNNAMED --add-exports=jdk.compiler/com.sun.tools.javac.api=ALL-UNNAMED --add-exports=jdk.compiler/com.sun.tools.javac.util=ALL-UNNAMED --add-opens=java.base/java.nio.charset=ALL-UNNAMED --add-opens=java.base/java.net=ALL-UNNAMED --add-opens=java.base/java.util.concurrent.atomic=ALL-UNNAMED -Xmx2560m -Dfile.encoding=UTF-8 -Duser.country=US -Duser.language=en -Duser.variant -javaagent:E:\DevCaches\gradle\wrapper\dists\gradle-8.10.2-bin\a04bxjujx95o3nb99gddekhwo\gradle-8.10.2\lib\agents\gradle-instrumentation-agent-8.10.2.jar 
java_command: org.gradle.launcher.daemon.bootstrap.GradleDaemon 8.10.2
java_class_path (initial): E:\DevCaches\gradle\wrapper\dists\gradle-8.10.2-bin\a04bxjujx95o3nb99gddekhwo\gradle-8.10.2\lib\gradle-daemon-main-8.10.2.jar
Launcher Type: SUN_STANDARD

[Global flags]
     intx CICompilerCount                          = 12                                        {product} {ergonomic}
     uint ConcGCThreads                            = 3                                         {product} {ergonomic}
     uint G1ConcRefinementThreads                  = 13                                        {product} {ergonomic}
   size_t G1HeapRegionSize                         = 2097152                                   {product} {ergonomic}
    uintx GCDrainStackTargetSize                   = 64                                        {product} {ergonomic}
     bool HeapDumpOnOutOfMemoryError               = true                                   {manageable} {command line}
   size_t InitialHeapSize                          = 526385152                                 {product} {ergonomic}
   size_t MarkStackSize                            = 4194304                                   {product} {ergonomic}
   size_t MaxHeapSize                              = 2684354560                                {product} {command line}
   size_t MaxNewSize                               = 1610612736                                {product} {ergonomic}
   size_t MinHeapDeltaBytes                        = 2097152                                   {product} {ergonomic}
   size_t MinHeapSize                              = 8388608                                   {product} {ergonomic}
    uintx NonNMethodCodeHeapSize                   = 7602480                                {pd product} {ergonomic}
    uintx NonProfiledCodeHeapSize                  = 122027880                              {pd product} {ergonomic}
    uintx ProfiledCodeHeapSize                     = 122027880                              {pd product} {ergonomic}
    uintx ReservedCodeCacheSize                    = 251658240                              {pd product} {ergonomic}
     bool SegmentedCodeCache                       = true                                      {product} {ergonomic}
   size_t SoftMaxHeapSize                          = 2684354560                             {manageable} {ergonomic}
     bool UseCompressedClassPointers               = true                           {product lp64_product} {ergonomic}
     bool UseCompressedOops                        = true                           {product lp64_product} {ergonomic}
     bool UseG1GC                                  = true                                      {product} {ergonomic}
     bool UseLargePagesIndividualAllocation        = false                                  {pd product} {ergonomic}

Logging:
Log output configuration:
 #0: stdout all=warning uptime,level,tags
 #1: stderr all=off uptime,level,tags

Environment Variables:
JAVA_HOME=C:\Program Files\Microsoft\jdk-17.0.18.8-hotspot\
PATH=C:\Program Files\Microsoft\jdk-17.0.18.8-hotspot\bin;E:\jdk-25.0.2.10-hotspot\bin;C:\Program Files\Common Files\Oracle\Java\javapath;C:\Python\Python313\Scripts\;C:\Python\Python313\;C:\WINDOWS\system32;C:\WINDOWS;C:\WINDOWS\System32\Wbem;C:\WINDOWS\System32\WindowsPowerShell\v1.0\;C:\WINDOWS\System32\OpenSSH\;C:\Program Files\NVIDIA Corporation\NVIDIA App\NvDLISR;C:\Program Files (x86)\NVIDIA Corporation\PhysX\Common;C:\Program Files\dotnet\;C:\Program Files (x86)\Windows Kits\10\Windows Performance Toolkit\;C:\Program Files\CMake\bin;C:\ProgramData\chocolatey\bin;C:\nodejs\;D:\WinMerge;D:\qemu\qemu-system-aarch64.exe;C:\Python\;C:\Python\Scripts\;C:\Program Files\Go\bin;C:\Program Files\SafeNet\Authentication\SAC\x64;C:\Program Files\SafeNet\Authentication\SAC\x32;E:\Git\cmd;C:\Program Files\Git-Xet\;C:\Users\luist\.local\bin;C:\Users\luist\.cargo\bin;C:\Users\luist\AppData\Local\Programs\Python\Python310\Scripts\;C:\Users\luist\AppData\Local\Programs\Python\Python310\;C:\Program Files\Common Files\Oracle\Java\javapath;C:\Python\Python313\Scripts\;C:\Python\Python313\;C:\WINDOWS\system32;C:\WINDOWS;C:\WINDOWS\System32\Wbem;C:\WINDOWS\System32\WindowsPowerShell\v1.0\;C:\WINDOWS\System32\OpenSSH\;C:\Program Files\NVIDIA Corporation\NVIDIA App\NvDLISR;C:\Program Files (x86)\NVIDIA Corporation\PhysX\Common;C:\Program Files\dotnet\;C:\Program Files (x86)\Windows Kits\10\Windows Performance Toolkit\;C:\Program Files\Git\cmd;C:\Program Files\CMake\bin;C:\ProgramData\chocolatey\bin;C:\nodejs\;D:\WinMerge;D:\qemu\qemu-system-aarch64.exe;C:\Python\;C:\Python\Scripts\;C:\Program Files\Docker\Docker\resources\bin;C:\Users\luist\AppData\Local\Microsoft\WindowsApps;C:\Microsoft VS Code\bin;C:\Users\luist\.dotnet\tools;C:\Users\luist\AppData\Roaming\npm;c:\Users\luist\AppData\Roaming\Code\User\globalStorage\github.copilot-chat\debugCommand;C:\Users\luist\AppData\Local\Microsoft\WinGet\Packages\Gyan.FFmpeg_Microsoft.Winget.Source_8wekyb3d8bbwe\ffmpeg-8.0-full_build\bin;C:\Users\luist\AppData\Local\Microsoft\WinGet\Packages\miurahr.aqtinstall_Microsoft.Winget.Source_8wekyb3d8bbwe;E:\cursor\resources\app\bin;C:\Users\luist\go\bin;E:\Antigravity\Antigravity IDE\bin;C:\Users\luist\AppData\Local\Programs\Antigravity IDE\bin;E:\flutter\bin;E:\Git\bin;C:\Users\luist\AppData\Local\Microsoft\WinGet\Links;E:\Kingsoft\WPS Office\12.1.0.27458\clitool
USERNAME=luist
OS=Windows_NT
PROCESSOR_IDENTIFIER=AMD64 Family 23 Model 96 Stepping 1, AuthenticAMD
TMP=E:\dev_cache\temp
TEMP=E:\dev_cache\temp



Periodic native trim disabled


---------------  S Y S T E M  ---------------

OS:
 Windows 11 , 64 bit Build 26100 (10.0.26100.6725)
OS uptime: 0 days 17:55 hours
Hyper-V role detected

CPU: total 16 (initial active 16) (16 cores per cpu, 2 threads per core) family 23 model 96 stepping 1 microcode 0x8600103, cx8, cmov, fxsr, ht, mmx, 3dnowpref, sse, sse2, sse3, ssse3, sse4a, sse4.1, sse4.2, popcnt, lzcnt, tsc, tscinvbit, avx, avx2, aes, clmul, bmi1, bmi2, adx, sha, fma, vzeroupper, clflush, clflushopt, hv
Processor Information for the first 16 processors :
  Max Mhz: 2900, Current Mhz: 2900, Mhz Limit: 2900

Memory: 4k page, system-wide physical 32125M (10238M free)
TotalPageFile size 36198M (AvailPageFile size 45M)
current process WorkingSet (physical memory assigned to process): 796M, peak: 822M
current process commit charge ("private bytes"): 860M, peak: 882M

vm_info: OpenJDK 64-Bit Server VM (17.0.18+8-LTS) for windows-amd64 JRE (17.0.18+8-LTS), built on Jan 15 2026 18:50:45 by "MicrosoftCorporation" with MS VC++ 17.14 (VS2022)

END.
